2023-11-08 13:26:17.718783,config/exp-baseline/adasyn_catboost_10.yml,0.92123,0.91500,0.91775
2023-11-08 13:26:23.380487,config/exp-baseline/adasyn_catboost_2.yml,0.87252,0.87000,0.87089
2023-11-08 13:26:26.684871,config/exp-baseline/adasyn_catboost_3.yml,0.85696,0.85000,0.85263
2023-11-08 13:26:30.005581,config/exp-baseline/adasyn_catboost_4.yml,0.87509,0.86500,0.86879
2023-11-08 13:26:33.341550,config/exp-baseline/adasyn_catboost_5.yml,0.89974,0.88500,0.89012
2023-11-08 13:26:36.655836,config/exp-baseline/adasyn_catboost_6.yml,0.92240,0.92000,0.92105
2023-11-08 13:26:39.999498,config/exp-baseline/adasyn_catboost_7.yml,0.92668,0.91500,0.91917
2023-11-08 13:26:43.358112,config/exp-baseline/adasyn_catboost_8.yml,0.90003,0.87000,0.88117
2023-11-08 13:26:46.714450,config/exp-baseline/adasyn_catboost_9.yml,0.91119,0.90500,0.90777
2023-11-08 13:26:49.092671,config/exp-baseline/adasyn_decision_tree_10.yml,0.91440,0.90000,0.90598
2023-11-08 13:26:53.836558,config/exp-baseline/adasyn_decision_tree_2.yml,0.80038,0.79000,0.79319
2023-11-08 13:26:56.219611,config/exp-baseline/adasyn_decision_tree_3.yml,0.80861,0.79500,0.80012
2023-11-08 13:26:58.616534,config/exp-baseline/adasyn_decision_tree_4.yml,0.78450,0.76500,0.77320
2023-11-08 13:27:01.071309,config/exp-baseline/adasyn_decision_tree_5.yml,0.82934,0.83500,0.83193
2023-11-08 13:27:03.468413,config/exp-baseline/adasyn_decision_tree_6.yml,0.85147,0.84500,0.84800
2023-11-08 13:27:05.865434,config/exp-baseline/adasyn_decision_tree_7.yml,0.87982,0.85000,0.86138
2023-11-08 13:27:08.271486,config/exp-baseline/adasyn_decision_tree_8.yml,0.86706,0.81500,0.83529
2023-11-08 13:27:10.697487,config/exp-baseline/adasyn_decision_tree_9.yml,0.84707,0.82000,0.83234
2023-11-08 13:27:13.690840,config/exp-baseline/adasyn_gbc_10.yml,0.91583,0.89000,0.89990
2023-11-08 13:27:18.895486,config/exp-baseline/adasyn_gbc_2.yml,0.86262,0.85500,0.85702
2023-11-08 13:27:21.768645,config/exp-baseline/adasyn_gbc_3.yml,0.86315,0.85500,0.85791
2023-11-08 13:27:24.680321,config/exp-baseline/adasyn_gbc_4.yml,0.86625,0.85000,0.85572
2023-11-08 13:27:27.632302,config/exp-baseline/adasyn_gbc_5.yml,0.87731,0.86500,0.86985
2023-11-08 13:27:30.578308,config/exp-baseline/adasyn_gbc_6.yml,0.93139,0.92500,0.92732
2023-11-08 13:27:33.533905,config/exp-baseline/adasyn_gbc_7.yml,0.91269,0.87000,0.88317
2023-11-08 13:27:36.511505,config/exp-baseline/adasyn_gbc_8.yml,0.90367,0.86500,0.87861
2023-11-08 13:27:39.477819,config/exp-baseline/adasyn_gbc_9.yml,0.88798,0.86000,0.87145
2023-11-08 13:27:41.869490,config/exp-baseline/adasyn_knn_10.yml,0.88272,0.75500,0.80062
2023-11-08 13:27:46.623113,config/exp-baseline/adasyn_knn_2.yml,0.77933,0.71500,0.72281
2023-11-08 13:27:49.029773,config/exp-baseline/adasyn_knn_3.yml,0.83734,0.76000,0.77482
2023-11-08 13:27:51.431104,config/exp-baseline/adasyn_knn_4.yml,0.79916,0.67500,0.70579
2023-11-08 13:27:53.784875,config/exp-baseline/adasyn_knn_5.yml,0.86592,0.69000,0.72855
2023-11-08 13:27:56.160538,config/exp-baseline/adasyn_knn_6.yml,0.89072,0.74500,0.78055
2023-11-08 13:27:58.550738,config/exp-baseline/adasyn_knn_7.yml,0.88434,0.69000,0.74064
2023-11-08 13:28:00.988508,config/exp-baseline/adasyn_knn_8.yml,0.86928,0.68500,0.74130
2023-11-08 13:28:03.372549,config/exp-baseline/adasyn_knn_9.yml,0.89785,0.75500,0.79967
2023-11-08 13:28:05.940033,config/exp-baseline/adasyn_lr_10.yml,0.90194,0.83500,0.85928
2023-11-08 13:28:11.080824,config/exp-baseline/adasyn_lr_2.yml,0.84827,0.83500,0.83806
2023-11-08 13:28:13.807809,config/exp-baseline/adasyn_lr_3.yml,0.83450,0.80000,0.80920
2023-11-08 13:28:16.500923,config/exp-baseline/adasyn_lr_4.yml,0.84630,0.78500,0.80165
2023-11-08 13:28:19.218722,config/exp-baseline/adasyn_lr_5.yml,0.87868,0.82500,0.84060
2023-11-08 13:28:21.778436,config/exp-baseline/adasyn_lr_6.yml,0.90203,0.85000,0.86493
2023-11-08 13:28:24.476716,config/exp-baseline/adasyn_lr_7.yml,0.89433,0.82500,0.84664
2023-11-08 13:28:26.980615,config/exp-baseline/adasyn_lr_8.yml,0.90515,0.79000,0.82421
2023-11-08 13:28:29.407630,config/exp-baseline/adasyn_lr_9.yml,0.88928,0.82000,0.84504
2023-11-08 13:28:32.286565,config/exp-baseline/adasyn_mlp_10.yml,0.89302,0.88500,0.88873
2023-11-08 13:28:37.671960,config/exp-baseline/adasyn_mlp_2.yml,0.82965,0.82000,0.82273
2023-11-08 13:28:40.476378,config/exp-baseline/adasyn_mlp_3.yml,0.80267,0.80000,0.80125
2023-11-08 13:28:43.425298,config/exp-baseline/adasyn_mlp_4.yml,0.81012,0.79000,0.79800
2023-11-08 13:28:46.416048,config/exp-baseline/adasyn_mlp_5.yml,0.89258,0.88500,0.88806
2023-11-08 13:28:49.312643,config/exp-baseline/adasyn_mlp_6.yml,0.90151,0.90500,0.90292
2023-11-08 13:28:52.123178,config/exp-baseline/adasyn_mlp_7.yml,0.86693,0.85500,0.86030
2023-11-08 13:28:55.057877,config/exp-baseline/adasyn_mlp_8.yml,0.88002,0.82000,0.84188
2023-11-08 13:28:57.926101,config/exp-baseline/adasyn_mlp_9.yml,0.88000,0.88000,0.88000
2023-11-08 13:29:00.393060,config/exp-baseline/adasyn_svm_10.yml,0.92389,0.92000,0.92178
2023-11-08 13:29:05.360273,config/exp-baseline/adasyn_svm_2.yml,0.84474,0.84000,0.84158
2023-11-08 13:29:08.051426,config/exp-baseline/adasyn_svm_3.yml,0.82000,0.82000,0.82000
2023-11-08 13:29:10.731593,config/exp-baseline/adasyn_svm_4.yml,0.85970,0.84500,0.85041
2023-11-08 13:29:13.369287,config/exp-baseline/adasyn_svm_5.yml,0.88013,0.87000,0.87407
2023-11-08 13:29:16.063976,config/exp-baseline/adasyn_svm_6.yml,0.91265,0.91000,0.91119
2023-11-08 13:29:18.757329,config/exp-baseline/adasyn_svm_7.yml,0.88816,0.88000,0.88359
2023-11-08 13:29:21.545396,config/exp-baseline/adasyn_svm_8.yml,0.87046,0.86000,0.86480
2023-11-08 13:29:24.174236,config/exp-baseline/adasyn_svm_9.yml,0.89587,0.90000,0.89778
2023-11-08 13:29:27.602372,config/exp-baseline/baseline_catboost_10.yml,0.92142,0.93000,0.92142
2023-11-08 13:29:30.858092,config/exp-baseline/baseline_catboost_1.yml,0.83053,0.83000,0.82993
2023-11-08 13:29:34.248415,config/exp-baseline/baseline_catboost_2.yml,0.88409,0.88500,0.88432
2023-11-08 13:29:37.582558,config/exp-baseline/baseline_catboost_3.yml,0.88238,0.88500,0.88298
2023-11-08 13:29:40.920213,config/exp-baseline/baseline_catboost_4.yml,0.87501,0.88000,0.87637
2023-11-08 13:29:44.273349,config/exp-baseline/baseline_catboost_5.yml,0.89985,0.90500,0.90053
2023-11-08 13:29:47.669369,config/exp-baseline/baseline_catboost_6.yml,0.89347,0.90000,0.89531
2023-11-08 13:29:50.923964,config/exp-baseline/baseline_catboost_7.yml,0.91433,0.92000,0.91546
2023-11-08 13:29:54.271753,config/exp-baseline/baseline_catboost_8.yml,0.91826,0.92500,0.91681
2023-11-08 13:29:57.620946,config/exp-baseline/baseline_catboost_9.yml,0.90980,0.92000,0.90859
2023-11-08 13:29:59.978932,config/exp-baseline/baseline_decision_tree_10.yml,0.90000,0.90000,0.90000
2023-11-08 13:30:02.367111,config/exp-baseline/baseline_decision_tree_1.yml,0.83119,0.83000,0.82985
2023-11-08 13:30:04.774378,config/exp-baseline/baseline_decision_tree_2.yml,0.80307,0.79000,0.79367
2023-11-08 13:30:07.274411,config/exp-baseline/baseline_decision_tree_3.yml,0.81255,0.81000,0.81119
2023-11-08 13:30:09.715139,config/exp-baseline/baseline_decision_tree_4.yml,0.85588,0.85000,0.85253
2023-11-08 13:30:12.261148,config/exp-baseline/baseline_decision_tree_5.yml,0.86208,0.87000,0.86486
2023-11-08 13:30:14.866278,config/exp-baseline/baseline_decision_tree_6.yml,0.86391,0.86000,0.86184
2023-11-08 13:30:17.392664,config/exp-baseline/baseline_decision_tree_7.yml,0.87958,0.88500,0.88197
2023-11-08 13:30:19.829858,config/exp-baseline/baseline_decision_tree_8.yml,0.90385,0.91000,0.90622
2023-11-08 13:30:22.232042,config/exp-baseline/baseline_decision_tree_9.yml,0.85259,0.87000,0.86024
2023-11-08 13:30:25.000968,config/exp-baseline/baseline_gbc_10.yml,0.89840,0.90500,0.90132
2023-11-08 13:30:27.778300,config/exp-baseline/baseline_gbc_1.yml,0.82503,0.82500,0.82500
2023-11-08 13:30:30.644938,config/exp-baseline/baseline_gbc_2.yml,0.87550,0.87500,0.87523
2023-11-08 13:30:33.463384,config/exp-baseline/baseline_gbc_3.yml,0.88316,0.88500,0.88383
2023-11-08 13:30:36.326961,config/exp-baseline/baseline_gbc_4.yml,0.86589,0.87000,0.86747
2023-11-08 13:30:39.139577,config/exp-baseline/baseline_gbc_5.yml,0.89000,0.89500,0.89161
2023-11-08 13:30:41.869197,config/exp-baseline/baseline_gbc_6.yml,0.91653,0.92000,0.91761
2023-11-08 13:30:44.670796,config/exp-baseline/baseline_gbc_7.yml,0.90487,0.91000,0.90676
2023-11-08 13:30:47.511488,config/exp-baseline/baseline_gbc_8.yml,0.93667,0.94000,0.93748
2023-11-08 13:30:50.360121,config/exp-baseline/baseline_gbc_9.yml,0.90311,0.91500,0.90445
2023-11-08 13:30:52.880038,config/exp-baseline/baseline_knn_10.yml,0.88774,0.91000,0.88543
2023-11-08 13:30:55.463601,config/exp-baseline/baseline_knn_1.yml,0.75503,0.75500,0.75499
2023-11-08 13:30:57.999441,config/exp-baseline/baseline_knn_2.yml,0.77146,0.77500,0.77272
2023-11-08 13:31:00.586938,config/exp-baseline/baseline_knn_3.yml,0.76023,0.78000,0.76009
2023-11-08 13:31:03.158705,config/exp-baseline/baseline_knn_4.yml,0.81379,0.83000,0.81608
2023-11-08 13:31:05.619561,config/exp-baseline/baseline_knn_5.yml,0.79772,0.83000,0.80377
2023-11-08 13:31:07.997752,config/exp-baseline/baseline_knn_6.yml,0.82892,0.85500,0.83390
2023-11-08 13:31:10.383650,config/exp-baseline/baseline_knn_7.yml,0.87400,0.89000,0.86797
2023-11-08 13:31:12.749431,config/exp-baseline/baseline_knn_8.yml,0.87499,0.89500,0.86663
2023-11-08 13:31:15.127454,config/exp-baseline/baseline_knn_9.yml,0.86446,0.89500,0.86794
2023-11-08 13:31:17.485022,config/exp-baseline/baseline_lr_10.yml,0.90799,0.92000,0.91020
2023-11-08 13:31:19.855145,config/exp-baseline/baseline_lr_1.yml,0.81886,0.81500,0.81444
2023-11-08 13:31:22.194595,config/exp-baseline/baseline_lr_2.yml,0.85853,0.86000,0.85888
2023-11-08 13:31:24.583276,config/exp-baseline/baseline_lr_3.yml,0.88316,0.88500,0.88383
2023-11-08 13:31:27.123600,config/exp-baseline/baseline_lr_4.yml,0.86434,0.87000,0.86607
2023-11-08 13:31:29.609987,config/exp-baseline/baseline_lr_5.yml,0.87025,0.88000,0.87141
2023-11-08 13:31:32.056773,config/exp-baseline/baseline_lr_6.yml,0.89844,0.90500,0.89968
2023-11-08 13:31:34.475816,config/exp-baseline/baseline_lr_7.yml,0.90198,0.91000,0.89800
2023-11-08 13:31:36.913580,config/exp-baseline/baseline_lr_8.yml,0.92363,0.92500,0.92427
2023-11-08 13:31:39.378638,config/exp-baseline/baseline_lr_9.yml,0.88124,0.90000,0.88573
2023-11-08 13:31:42.017692,config/exp-baseline/baseline_mlp_10.yml,0.91023,0.92000,0.91315
2023-11-08 13:31:44.619323,config/exp-baseline/baseline_mlp_1.yml,0.85675,0.85500,0.85482
2023-11-08 13:31:47.256912,config/exp-baseline/baseline_mlp_2.yml,0.83347,0.83500,0.83403
2023-11-08 13:31:49.846823,config/exp-baseline/baseline_mlp_3.yml,0.83891,0.84500,0.83977
2023-11-08 13:31:52.582355,config/exp-baseline/baseline_mlp_4.yml,0.82583,0.83500,0.82908
2023-11-08 13:31:55.199570,config/exp-baseline/baseline_mlp_5.yml,0.87766,0.88500,0.87959
2023-11-08 13:31:57.897535,config/exp-baseline/baseline_mlp_6.yml,0.89781,0.90500,0.89784
2023-11-08 13:32:00.425018,config/exp-baseline/baseline_mlp_7.yml,0.87041,0.88500,0.87441
2023-11-08 13:32:03.019090,config/exp-baseline/baseline_mlp_8.yml,0.88284,0.88500,0.88388
2023-11-08 13:32:05.557865,config/exp-baseline/baseline_mlp_9.yml,0.88734,0.90500,0.88956
2023-11-08 13:32:07.887658,config/exp-baseline/baseline_svm_10.yml,0.93503,0.93000,0.91089
2023-11-08 13:32:10.248133,config/exp-baseline/baseline_svm_1.yml,0.82051,0.82000,0.81993
2023-11-08 13:32:12.588162,config/exp-baseline/baseline_svm_2.yml,0.87397,0.87500,0.87427
2023-11-08 13:32:14.945467,config/exp-baseline/baseline_svm_3.yml,0.85596,0.86000,0.85701
2023-11-08 13:32:17.282397,config/exp-baseline/baseline_svm_4.yml,0.86316,0.87000,0.86457
2023-11-08 13:32:19.636877,config/exp-baseline/baseline_svm_5.yml,0.89384,0.90000,0.89284
2023-11-08 13:32:21.976315,config/exp-baseline/baseline_svm_6.yml,0.87944,0.89000,0.88057
2023-11-08 13:32:24.290805,config/exp-baseline/baseline_svm_7.yml,0.90357,0.90500,0.88414
2023-11-08 13:32:26.629705,config/exp-baseline/baseline_svm_8.yml,0.89872,0.90500,0.87933
2023-11-08 13:32:28.967601,config/exp-baseline/baseline_svm_9.yml,0.90869,0.91500,0.89310
2023-11-08 13:32:32.725478,config/exp-baseline/instance-hardness-threshold_catboost_10.yml,0.91455,0.79500,0.83317
2023-11-08 13:32:36.763672,config/exp-baseline/instance-hardness-threshold_catboost_1.yml,0.82051,0.82000,0.81993
2023-11-08 13:32:40.760005,config/exp-baseline/instance-hardness-threshold_catboost_2.yml,0.83625,0.80500,0.81006
2023-11-08 13:32:44.757214,config/exp-baseline/instance-hardness-threshold_catboost_3.yml,0.86485,0.81500,0.82514
2023-11-08 13:32:48.760429,config/exp-baseline/instance-hardness-threshold_catboost_4.yml,0.87390,0.78000,0.79990
2023-11-08 13:32:52.964167,config/exp-baseline/instance-hardness-threshold_catboost_5.yml,0.87238,0.78500,0.80826
2023-11-08 13:32:57.322111,config/exp-baseline/instance-hardness-threshold_catboost_6.yml,0.89127,0.78500,0.81288
2023-11-08 13:33:01.492093,config/exp-baseline/instance-hardness-threshold_catboost_7.yml,0.91795,0.82000,0.84584
2023-11-08 13:33:05.624031,config/exp-baseline/instance-hardness-threshold_catboost_8.yml,0.92766,0.80500,0.83766
2023-11-08 13:33:09.502207,config/exp-baseline/instance-hardness-threshold_catboost_9.yml,0.89248,0.80500,0.83520
2023-11-08 13:33:12.867507,config/exp-baseline/instance-hardness-threshold_decision_tree_10.yml,0.90267,0.68000,0.74614
2023-11-08 13:33:16.166144,config/exp-baseline/instance-hardness-threshold_decision_tree_1.yml,0.82581,0.82500,0.82489
2023-11-08 13:33:19.428509,config/exp-baseline/instance-hardness-threshold_decision_tree_2.yml,0.80644,0.72500,0.73189
2023-11-08 13:33:22.664384,config/exp-baseline/instance-hardness-threshold_decision_tree_3.yml,0.82777,0.69000,0.70935
2023-11-08 13:33:26.157988,config/exp-baseline/instance-hardness-threshold_decision_tree_4.yml,0.86343,0.74000,0.76473
2023-11-08 13:33:29.566542,config/exp-baseline/instance-hardness-threshold_decision_tree_5.yml,0.85831,0.69000,0.72850
2023-11-08 13:33:33.045408,config/exp-baseline/instance-hardness-threshold_decision_tree_6.yml,0.88188,0.68500,0.73002
2023-11-08 13:33:36.439265,config/exp-baseline/instance-hardness-threshold_decision_tree_7.yml,0.91122,0.72000,0.76574
2023-11-08 13:33:39.920147,config/exp-baseline/instance-hardness-threshold_decision_tree_8.yml,0.91284,0.64000,0.70387
2023-11-08 13:33:43.100626,config/exp-baseline/instance-hardness-threshold_decision_tree_9.yml,0.88770,0.73000,0.78015
2023-11-08 13:33:46.404088,config/exp-baseline/instance-hardness-threshold_gbc_10.yml,0.91899,0.77500,0.81902
2023-11-08 13:33:49.952180,config/exp-baseline/instance-hardness-threshold_gbc_1.yml,0.84531,0.84500,0.84497
2023-11-08 13:33:53.365004,config/exp-baseline/instance-hardness-threshold_gbc_2.yml,0.82194,0.77000,0.77644
2023-11-08 13:33:56.826189,config/exp-baseline/instance-hardness-threshold_gbc_3.yml,0.86058,0.80500,0.81607
2023-11-08 13:34:00.307098,config/exp-baseline/instance-hardness-threshold_gbc_4.yml,0.86591,0.75000,0.77358
2023-11-08 13:34:03.639267,config/exp-baseline/instance-hardness-threshold_gbc_5.yml,0.86608,0.73000,0.76276
2023-11-08 13:34:06.911568,config/exp-baseline/instance-hardness-threshold_gbc_6.yml,0.88727,0.76500,0.79659
2023-11-08 13:34:10.244045,config/exp-baseline/instance-hardness-threshold_gbc_7.yml,0.89773,0.66500,0.71958
2023-11-08 13:34:13.593008,config/exp-baseline/instance-hardness-threshold_gbc_8.yml,0.92027,0.74000,0.78660
2023-11-08 13:34:16.856945,config/exp-baseline/instance-hardness-threshold_gbc_9.yml,0.88900,0.74000,0.78772
2023-11-08 13:34:20.044223,config/exp-baseline/instance-hardness-threshold_knn_10.yml,0.89116,0.81000,0.84003
2023-11-08 13:34:23.261615,config/exp-baseline/instance-hardness-threshold_knn_1.yml,0.75503,0.75500,0.75499
2023-11-08 13:34:26.480778,config/exp-baseline/instance-hardness-threshold_knn_2.yml,0.79718,0.76500,0.77109
2023-11-08 13:34:29.874091,config/exp-baseline/instance-hardness-threshold_knn_3.yml,0.82249,0.77500,0.78684
2023-11-08 13:34:33.423114,config/exp-baseline/instance-hardness-threshold_knn_4.yml,0.81613,0.73000,0.75341
2023-11-08 13:34:36.651003,config/exp-baseline/instance-hardness-threshold_knn_5.yml,0.86345,0.79500,0.81506
2023-11-08 13:34:40.066961,config/exp-baseline/instance-hardness-threshold_knn_6.yml,0.88636,0.83500,0.85096
2023-11-08 13:34:43.433166,config/exp-baseline/instance-hardness-threshold_knn_7.yml,0.90636,0.82500,0.84837
2023-11-08 13:34:46.754620,config/exp-baseline/instance-hardness-threshold_knn_8.yml,0.89858,0.79000,0.82347
2023-11-08 13:34:50.068629,config/exp-baseline/instance-hardness-threshold_knn_9.yml,0.90203,0.85000,0.86853
2023-11-08 13:34:53.254365,config/exp-baseline/instance-hardness-threshold_lr_10.yml,0.90348,0.76000,0.80663
2023-11-08 13:34:56.501860,config/exp-baseline/instance-hardness-threshold_lr_1.yml,0.80303,0.80000,0.79950
2023-11-08 13:34:59.935058,config/exp-baseline/instance-hardness-threshold_lr_2.yml,0.83625,0.80500,0.81006
2023-11-08 13:35:03.198307,config/exp-baseline/instance-hardness-threshold_lr_3.yml,0.83734,0.76000,0.77482
2023-11-08 13:35:06.432473,config/exp-baseline/instance-hardness-threshold_lr_4.yml,0.84994,0.74000,0.76425
2023-11-08 13:35:09.608436,config/exp-baseline/instance-hardness-threshold_lr_5.yml,0.87372,0.76500,0.79219
2023-11-08 13:35:12.791059,config/exp-baseline/instance-hardness-threshold_lr_6.yml,0.85916,0.72500,0.76250
2023-11-08 13:35:15.970853,config/exp-baseline/instance-hardness-threshold_lr_7.yml,0.90637,0.74500,0.78596
2023-11-08 13:35:19.123553,config/exp-baseline/instance-hardness-threshold_lr_8.yml,0.88460,0.69000,0.74580
2023-11-08 13:35:22.234787,config/exp-baseline/instance-hardness-threshold_lr_9.yml,0.89158,0.80000,0.83152
2023-11-08 13:35:25.395078,config/exp-baseline/instance-hardness-threshold_mlp_10.yml,0.90011,0.73000,0.78428
2023-11-08 13:35:28.741051,config/exp-baseline/instance-hardness-threshold_mlp_1.yml,0.84586,0.84500,0.84490
2023-11-08 13:35:32.032106,config/exp-baseline/instance-hardness-threshold_mlp_2.yml,0.82702,0.78000,0.78614
2023-11-08 13:35:35.329201,config/exp-baseline/instance-hardness-threshold_mlp_3.yml,0.82045,0.73000,0.74710
2023-11-08 13:35:38.627228,config/exp-baseline/instance-hardness-threshold_mlp_4.yml,0.85321,0.69500,0.72433
2023-11-08 13:35:41.869120,config/exp-baseline/instance-hardness-threshold_mlp_5.yml,0.87257,0.76000,0.78801
2023-11-08 13:35:45.132394,config/exp-baseline/instance-hardness-threshold_mlp_6.yml,0.86220,0.74000,0.77467
2023-11-08 13:35:48.410661,config/exp-baseline/instance-hardness-threshold_mlp_7.yml,0.89868,0.67500,0.72810
2023-11-08 13:35:51.847007,config/exp-baseline/instance-hardness-threshold_mlp_8.yml,0.88460,0.69000,0.74580
2023-11-08 13:35:55.111865,config/exp-baseline/instance-hardness-threshold_mlp_9.yml,0.89104,0.75500,0.79900
2023-11-08 13:35:58.328559,config/exp-baseline/instance-hardness-threshold_svm_10.yml,0.89905,0.72000,0.77674
2023-11-08 13:36:01.605901,config/exp-baseline/instance-hardness-threshold_svm_1.yml,0.82051,0.82000,0.81993
2023-11-08 13:36:04.864326,config/exp-baseline/instance-hardness-threshold_svm_2.yml,0.81711,0.77000,0.77642
2023-11-08 13:36:08.059426,config/exp-baseline/instance-hardness-threshold_svm_3.yml,0.85253,0.78500,0.79789
2023-11-08 13:36:11.281217,config/exp-baseline/instance-hardness-threshold_svm_4.yml,0.86466,0.74500,0.76916
2023-11-08 13:36:14.499974,config/exp-baseline/instance-hardness-threshold_svm_5.yml,0.87144,0.75500,0.78382
2023-11-08 13:36:17.722400,config/exp-baseline/instance-hardness-threshold_svm_6.yml,0.88633,0.76000,0.79250
2023-11-08 13:36:21.042102,config/exp-baseline/instance-hardness-threshold_svm_7.yml,0.89835,0.74000,0.78160
2023-11-08 13:36:24.282547,config/exp-baseline/instance-hardness-threshold_svm_8.yml,0.89501,0.71500,0.76594
2023-11-08 13:36:27.480394,config/exp-baseline/instance-hardness-threshold_svm_9.yml,0.89707,0.79500,0.82881
2023-11-08 13:36:33.897582,config/exp-baseline/kmean-smote_catboost_1.yml,0.82581,0.82500,0.82489
2023-11-08 13:36:37.649894,config/exp-baseline/kmean-smote_catboost_2.yml,0.88000,0.88000,0.88000
2023-11-08 13:36:41.297562,config/exp-baseline/kmean-smote_catboost_3.yml,0.86195,0.86000,0.86087
2023-11-08 13:37:02.680589,config/exp-baseline/kmean-smote_decision_tree_1.yml,0.81313,0.81000,0.80952
2023-11-08 13:37:05.475103,config/exp-baseline/kmean-smote_decision_tree_2.yml,0.79947,0.79500,0.79672
2023-11-08 13:37:08.235574,config/exp-baseline/kmean-smote_decision_tree_3.yml,0.83132,0.82500,0.82760
2023-11-08 13:37:29.585343,config/exp-baseline/kmean-smote_gbc_1.yml,0.83013,0.83000,0.82998
2023-11-08 13:37:32.592895,config/exp-baseline/kmean-smote_gbc_2.yml,0.85277,0.85000,0.85103
2023-11-08 13:37:35.676954,config/exp-baseline/kmean-smote_gbc_3.yml,0.87584,0.87500,0.87540
2023-11-08 13:37:38.761884,config/exp-baseline/kmean-smote_gbc_4.yml,0.87872,0.87500,0.87661
2023-11-08 13:37:56.902275,config/exp-baseline/kmean-smote_knn_1.yml,0.76010,0.76000,0.75998
2023-11-08 13:37:59.538777,config/exp-baseline/kmean-smote_knn_2.yml,0.80118,0.76500,0.77129
2023-11-08 13:38:02.167814,config/exp-baseline/kmean-smote_knn_3.yml,0.78102,0.78500,0.78281
2023-11-08 13:38:04.872324,config/exp-baseline/kmean-smote_knn_4.yml,0.81714,0.81000,0.81321
2023-11-08 13:38:07.567611,config/exp-baseline/kmean-smote_knn_5.yml,0.86998,0.86500,0.86724
2023-11-08 13:38:23.238800,config/exp-baseline/kmean-smote_lr_1.yml,0.81313,0.81000,0.80952
2023-11-08 13:38:25.833263,config/exp-baseline/kmean-smote_lr_2.yml,0.85175,0.84000,0.84280
2023-11-08 13:38:28.441603,config/exp-baseline/kmean-smote_lr_3.yml,0.84689,0.83500,0.83912
2023-11-08 13:38:50.161816,config/exp-baseline/kmean-smote_mlp_1.yml,0.84923,0.84500,0.84453
2023-11-08 13:38:53.034413,config/exp-baseline/kmean-smote_mlp_2.yml,0.83886,0.83500,0.83639
2023-11-08 13:38:55.878020,config/exp-baseline/kmean-smote_mlp_3.yml,0.84086,0.84500,0.84228
2023-11-08 13:38:58.879756,config/exp-baseline/kmean-smote_mlp_4.yml,0.82334,0.82000,0.82157
2023-11-08 13:39:01.827230,config/exp-baseline/kmean-smote_mlp_5.yml,0.86208,0.87000,0.86486
2023-11-08 13:39:04.855332,config/exp-baseline/kmean-smote_mlp_6.yml,0.88713,0.89000,0.88843
2023-11-08 13:39:18.489230,config/exp-baseline/kmean-smote_svm_1.yml,0.82051,0.82000,0.81993
2023-11-08 13:39:21.073785,config/exp-baseline/kmean-smote_svm_2.yml,0.85693,0.85500,0.85576
2023-11-08 13:39:23.674094,config/exp-baseline/kmean-smote_svm_3.yml,0.86195,0.86000,0.86087
2023-11-08 13:39:42.431555,config/exp-baseline/smotenn_catboost_10.yml,0.90097,0.83000,0.85567
2023-11-08 13:39:45.652539,config/exp-baseline/smotenn_catboost_1.yml,0.81012,0.81000,0.80998
2023-11-08 13:39:48.915777,config/exp-baseline/smotenn_catboost_2.yml,0.83058,0.79500,0.80048
2023-11-08 13:39:52.281342,config/exp-baseline/smotenn_catboost_3.yml,0.85994,0.81500,0.82474
2023-11-08 13:39:55.621517,config/exp-baseline/smotenn_catboost_4.yml,0.86480,0.79000,0.80773
2023-11-08 13:39:59.038981,config/exp-baseline/smotenn_catboost_5.yml,0.87652,0.80000,0.82068
2023-11-08 13:40:02.486115,config/exp-baseline/smotenn_catboost_6.yml,0.90605,0.84500,0.86164
2023-11-08 13:40:06.027219,config/exp-baseline/smotenn_catboost_7.yml,0.91257,0.82500,0.84912
2023-11-08 13:40:09.439164,config/exp-baseline/smotenn_catboost_8.yml,0.92836,0.81000,0.84155
2023-11-08 13:40:12.862317,config/exp-baseline/smotenn_catboost_9.yml,0.89851,0.83500,0.85736
2023-11-08 13:40:15.335829,config/exp-baseline/smotenn_decision_tree_10.yml,0.89695,0.84000,0.86153
2023-11-08 13:40:17.931819,config/exp-baseline/smotenn_decision_tree_1.yml,0.81503,0.81500,0.81500
2023-11-08 13:40:20.668364,config/exp-baseline/smotenn_decision_tree_2.yml,0.80540,0.76500,0.77143
2023-11-08 13:40:23.476331,config/exp-baseline/smotenn_decision_tree_3.yml,0.81797,0.76500,0.77789
2023-11-08 13:40:26.291446,config/exp-baseline/smotenn_decision_tree_4.yml,0.85534,0.79500,0.81088
2023-11-08 13:40:29.007992,config/exp-baseline/smotenn_decision_tree_5.yml,0.85754,0.81000,0.82550
2023-11-08 13:40:31.590625,config/exp-baseline/smotenn_decision_tree_6.yml,0.89567,0.80500,0.82912
2023-11-08 13:40:34.192183,config/exp-baseline/smotenn_decision_tree_7.yml,0.87635,0.80000,0.82526
2023-11-08 13:40:36.752562,config/exp-baseline/smotenn_decision_tree_8.yml,0.90310,0.81500,0.84251
2023-11-08 13:40:39.348251,config/exp-baseline/smotenn_decision_tree_9.yml,0.87505,0.83500,0.85139
2023-11-08 13:40:42.282941,config/exp-baseline/smotenn_gbc_10.yml,0.90097,0.83000,0.85567
2023-11-08 13:40:44.966837,config/exp-baseline/smotenn_gbc_1.yml,0.81503,0.81500,0.81500
2023-11-08 13:40:47.675683,config/exp-baseline/smotenn_gbc_2.yml,0.82563,0.80000,0.80486
2023-11-08 13:40:50.445809,config/exp-baseline/smotenn_gbc_3.yml,0.86590,0.80500,0.81641
2023-11-08 13:40:53.252266,config/exp-baseline/smotenn_gbc_4.yml,0.88456,0.81500,0.83038
2023-11-08 13:40:56.109205,config/exp-baseline/smotenn_gbc_5.yml,0.87796,0.80500,0.82482
2023-11-08 13:40:58.984080,config/exp-baseline/smotenn_gbc_6.yml,0.90322,0.83500,0.85349
2023-11-08 13:41:01.904868,config/exp-baseline/smotenn_gbc_7.yml,0.91702,0.81500,0.84187
2023-11-08 13:41:04.773626,config/exp-baseline/smotenn_gbc_8.yml,0.91261,0.79500,0.82873
2023-11-08 13:41:07.707798,config/exp-baseline/smotenn_gbc_9.yml,0.88928,0.82000,0.84504
2023-11-08 13:41:10.116805,config/exp-baseline/smotenn_knn_10.yml,0.89853,0.71500,0.77295
2023-11-08 13:41:12.518996,config/exp-baseline/smotenn_knn_1.yml,0.74700,0.74500,0.74448
2023-11-08 13:41:14.927128,config/exp-baseline/smotenn_knn_2.yml,0.78502,0.69000,0.69675
2023-11-08 13:41:17.335247,config/exp-baseline/smotenn_knn_3.yml,0.83536,0.69000,0.70907
2023-11-08 13:41:19.727852,config/exp-baseline/smotenn_knn_4.yml,0.81572,0.59500,0.63076
2023-11-08 13:41:22.137476,config/exp-baseline/smotenn_knn_5.yml,0.85381,0.66500,0.70662
2023-11-08 13:41:24.563196,config/exp-baseline/smotenn_knn_6.yml,0.89000,0.68500,0.72997
2023-11-08 13:41:26.948125,config/exp-baseline/smotenn_knn_7.yml,0.90282,0.61500,0.67521
2023-11-08 13:41:29.346925,config/exp-baseline/smotenn_knn_8.yml,0.88046,0.57500,0.64825
2023-11-08 13:41:31.748380,config/exp-baseline/smotenn_knn_9.yml,0.89625,0.67500,0.73786
2023-11-08 13:41:34.163593,config/exp-baseline/smotenn_lr_10.yml,0.89864,0.77500,0.81690
2023-11-08 13:41:36.576141,config/exp-baseline/smotenn_lr_1.yml,0.79574,0.79500,0.79487
2023-11-08 13:41:38.984807,config/exp-baseline/smotenn_lr_2.yml,0.82870,0.80500,0.80961
2023-11-08 13:41:41.413833,config/exp-baseline/smotenn_lr_3.yml,0.82416,0.75500,0.76969
2023-11-08 13:41:43.812857,config/exp-baseline/smotenn_lr_4.yml,0.85557,0.76000,0.78171
2023-11-08 13:41:46.227258,config/exp-baseline/smotenn_lr_5.yml,0.87257,0.76000,0.78801
2023-11-08 13:41:48.637655,config/exp-baseline/smotenn_lr_6.yml,0.89024,0.78000,0.80881
2023-11-08 13:41:51.036217,config/exp-baseline/smotenn_lr_7.yml,0.90338,0.72000,0.76561
2023-11-08 13:41:53.439872,config/exp-baseline/smotenn_lr_8.yml,0.89217,0.69000,0.74597
2023-11-08 13:41:55.844502,config/exp-baseline/smotenn_lr_9.yml,0.88508,0.76000,0.80197
2023-11-08 13:41:58.584769,config/exp-baseline/smotenn_mlp_10.yml,0.89826,0.81500,0.84484
2023-11-08 13:42:01.093424,config/exp-baseline/smotenn_mlp_1.yml,0.80527,0.80500,0.80496
2023-11-08 13:42:03.676836,config/exp-baseline/smotenn_mlp_2.yml,0.84510,0.82000,0.82437
2023-11-08 13:42:06.372890,config/exp-baseline/smotenn_mlp_3.yml,0.83969,0.78000,0.79269
2023-11-08 13:42:09.001138,config/exp-baseline/smotenn_mlp_4.yml,0.86501,0.82000,0.83235
2023-11-08 13:42:11.694629,config/exp-baseline/smotenn_mlp_5.yml,0.89129,0.83000,0.84629
2023-11-08 13:42:14.385889,config/exp-baseline/smotenn_mlp_6.yml,0.86454,0.80000,0.82098
2023-11-08 13:42:17.072151,config/exp-baseline/smotenn_mlp_7.yml,0.89379,0.79500,0.82406
2023-11-08 13:42:19.750004,config/exp-baseline/smotenn_mlp_8.yml,0.88964,0.73000,0.77734
2023-11-08 13:42:22.443707,config/exp-baseline/smotenn_mlp_9.yml,0.88926,0.84500,0.86201
2023-11-08 13:42:24.859714,config/exp-baseline/smotenn_svm_10.yml,0.89804,0.84500,0.86514
2023-11-08 13:42:27.259783,config/exp-baseline/smotenn_svm_1.yml,0.80576,0.80500,0.80488
2023-11-08 13:42:29.659457,config/exp-baseline/smotenn_svm_2.yml,0.82078,0.78500,0.79075
2023-11-08 13:42:32.054091,config/exp-baseline/smotenn_svm_3.yml,0.86705,0.82000,0.82968
2023-11-08 13:42:34.430816,config/exp-baseline/smotenn_svm_4.yml,0.85557,0.76000,0.78171
2023-11-08 13:42:36.844916,config/exp-baseline/smotenn_svm_5.yml,0.89626,0.84500,0.85882
2023-11-08 13:42:39.256661,config/exp-baseline/smotenn_svm_6.yml,0.86880,0.83000,0.84370
2023-11-08 13:42:41.659449,config/exp-baseline/smotenn_svm_7.yml,0.89311,0.82000,0.84273
2023-11-08 13:42:44.087954,config/exp-baseline/smotenn_svm_8.yml,0.89395,0.80000,0.83021
2023-11-08 13:42:46.470867,config/exp-baseline/smotenn_svm_9.yml,0.89501,0.84500,0.86347
2023-11-08 13:42:49.848662,config/exp-baseline/svm-smote_catboost_10.yml,0.92123,0.91500,0.91775
2023-11-08 13:42:53.228521,config/exp-baseline/svm-smote_catboost_1.yml,0.83053,0.83000,0.82993
2023-11-08 13:42:56.644465,config/exp-baseline/svm-smote_catboost_2.yml,0.87026,0.86500,0.86653
2023-11-08 13:42:59.950766,config/exp-baseline/svm-smote_catboost_3.yml,0.86664,0.86000,0.86245
2023-11-08 13:43:03.298618,config/exp-baseline/svm-smote_catboost_4.yml,0.88459,0.87500,0.87851
2023-11-08 13:43:06.705229,config/exp-baseline/svm-smote_catboost_5.yml,0.90541,0.89500,0.89877
2023-11-08 13:43:10.102956,config/exp-baseline/svm-smote_catboost_6.yml,0.91892,0.91500,0.91665
2023-11-08 13:43:13.569841,config/exp-baseline/svm-smote_catboost_7.yml,0.92596,0.92000,0.92239
2023-11-08 13:43:16.919536,config/exp-baseline/svm-smote_catboost_8.yml,0.93320,0.92500,0.92814
2023-11-08 13:43:20.268624,config/exp-baseline/svm-smote_catboost_9.yml,0.91390,0.91000,0.91179
2023-11-08 13:43:22.684397,config/exp-baseline/svm-smote_decision_tree_10.yml,0.91440,0.90000,0.90598
2023-11-08 13:43:25.073123,config/exp-baseline/svm-smote_decision_tree_1.yml,0.78180,0.78000,0.77965
2023-11-08 13:43:27.486411,config/exp-baseline/svm-smote_decision_tree_2.yml,0.80768,0.80000,0.80253
2023-11-08 13:43:29.899091,config/exp-baseline/svm-smote_decision_tree_3.yml,0.82616,0.82500,0.82555
2023-11-08 13:43:32.314467,config/exp-baseline/svm-smote_decision_tree_4.yml,0.85970,0.84500,0.85041
2023-11-08 13:43:34.723393,config/exp-baseline/svm-smote_decision_tree_5.yml,0.84501,0.83500,0.83939
2023-11-08 13:43:37.129576,config/exp-baseline/svm-smote_decision_tree_6.yml,0.89448,0.87000,0.87846
2023-11-08 13:43:39.554476,config/exp-baseline/svm-smote_decision_tree_7.yml,0.86460,0.86000,0.86219
2023-11-08 13:43:41.968980,config/exp-baseline/svm-smote_decision_tree_8.yml,0.89676,0.87500,0.88360
2023-11-08 13:43:44.390057,config/exp-baseline/svm-smote_decision_tree_9.yml,0.89587,0.90000,0.89778
2023-11-08 13:43:47.398345,config/exp-baseline/svm-smote_gbc_10.yml,0.92561,0.91500,0.91935
2023-11-08 13:43:50.143567,config/exp-baseline/svm-smote_gbc_1.yml,0.83530,0.83500,0.83496
2023-11-08 13:43:52.979424,config/exp-baseline/svm-smote_gbc_2.yml,0.84555,0.83500,0.83770
2023-11-08 13:43:55.855012,config/exp-baseline/svm-smote_gbc_3.yml,0.87561,0.86500,0.86837
2023-11-08 13:43:58.797155,config/exp-baseline/svm-smote_gbc_4.yml,0.86896,0.86500,0.86674
2023-11-08 13:44:01.756813,config/exp-baseline/svm-smote_gbc_5.yml,0.88668,0.87500,0.87949
2023-11-08 13:44:04.712448,config/exp-baseline/svm-smote_gbc_6.yml,0.91890,0.91000,0.91328
2023-11-08 13:44:07.739825,config/exp-baseline/svm-smote_gbc_7.yml,0.93251,0.93000,0.93109
2023-11-08 13:44:10.752059,config/exp-baseline/svm-smote_gbc_8.yml,0.92136,0.91000,0.91442
2023-11-08 13:44:13.742540,config/exp-baseline/svm-smote_gbc_9.yml,0.90212,0.88500,0.89207
2023-11-08 13:44:16.133864,config/exp-baseline/svm-smote_knn_10.yml,0.88883,0.83000,0.85287
2023-11-08 13:44:18.536520,config/exp-baseline/svm-smote_knn_1.yml,0.75503,0.75500,0.75499
2023-11-08 13:44:20.931333,config/exp-baseline/svm-smote_knn_2.yml,0.77309,0.73000,0.73745
2023-11-08 13:44:23.337098,config/exp-baseline/svm-smote_knn_3.yml,0.80877,0.73000,0.74667
2023-11-08 13:44:25.746518,config/exp-baseline/svm-smote_knn_4.yml,0.81613,0.73000,0.75341
2023-11-08 13:44:28.137124,config/exp-baseline/svm-smote_knn_5.yml,0.84742,0.76000,0.78560
2023-11-08 13:44:30.528275,config/exp-baseline/svm-smote_knn_6.yml,0.88028,0.81500,0.83486
2023-11-08 13:44:32.939793,config/exp-baseline/svm-smote_knn_7.yml,0.87911,0.78500,0.81464
2023-11-08 13:44:35.352697,config/exp-baseline/svm-smote_knn_8.yml,0.88304,0.77500,0.81043
2023-11-08 13:44:37.739993,config/exp-baseline/svm-smote_knn_9.yml,0.89504,0.86500,0.87687
2023-11-08 13:44:40.143096,config/exp-baseline/svm-smote_lr_10.yml,0.90726,0.88000,0.89080
2023-11-08 13:44:42.580471,config/exp-baseline/svm-smote_lr_1.yml,0.81886,0.81500,0.81444
2023-11-08 13:44:45.011593,config/exp-baseline/svm-smote_lr_2.yml,0.85123,0.83500,0.83838
2023-11-08 13:44:47.431836,config/exp-baseline/svm-smote_lr_3.yml,0.84231,0.81500,0.82262
2023-11-08 13:44:49.856335,config/exp-baseline/svm-smote_lr_4.yml,0.86685,0.83500,0.84451
2023-11-08 13:44:52.299463,config/exp-baseline/svm-smote_lr_5.yml,0.88538,0.86500,0.87209
2023-11-08 13:44:54.703114,config/exp-baseline/svm-smote_lr_6.yml,0.91326,0.90000,0.90468
2023-11-08 13:44:57.136364,config/exp-baseline/svm-smote_lr_7.yml,0.89923,0.88500,0.89064
2023-11-08 13:44:59.560958,config/exp-baseline/svm-smote_lr_8.yml,0.91462,0.86500,0.88090
2023-11-08 13:45:01.988102,config/exp-baseline/svm-smote_lr_9.yml,0.88962,0.86500,0.87517
2023-11-08 13:45:04.783862,config/exp-baseline/svm-smote_mlp_10.yml,0.90725,0.90500,0.90609
2023-11-08 13:45:07.467163,config/exp-baseline/svm-smote_mlp_1.yml,0.83333,0.82000,0.81818
2023-11-08 13:45:10.155323,config/exp-baseline/svm-smote_mlp_2.yml,0.81989,0.81000,0.81289
2023-11-08 13:45:12.872218,config/exp-baseline/svm-smote_mlp_3.yml,0.82793,0.83000,0.82887
2023-11-08 13:45:15.596093,config/exp-baseline/svm-smote_mlp_4.yml,0.82000,0.82000,0.82000
2023-11-08 13:45:18.312153,config/exp-baseline/svm-smote_mlp_5.yml,0.87000,0.87000,0.87000
2023-11-08 13:45:21.049123,config/exp-baseline/svm-smote_mlp_6.yml,0.89743,0.90000,0.89857
2023-11-08 13:45:23.768366,config/exp-baseline/svm-smote_mlp_7.yml,0.90659,0.90500,0.90576
2023-11-08 13:45:26.524466,config/exp-baseline/svm-smote_mlp_8.yml,0.89672,0.86000,0.87345
2023-11-08 13:45:29.282337,config/exp-baseline/svm-smote_mlp_9.yml,0.87541,0.87000,0.87259
2023-11-08 13:45:31.681540,config/exp-baseline/svm-smote_svm_10.yml,0.89531,0.90000,0.89750
2023-11-08 13:45:34.112616,config/exp-baseline/svm-smote_svm_1.yml,0.82051,0.82000,0.81993
2023-11-08 13:45:36.550089,config/exp-baseline/svm-smote_svm_2.yml,0.86262,0.85500,0.85702
2023-11-08 13:45:38.968738,config/exp-baseline/svm-smote_svm_3.yml,0.86051,0.85500,0.85715
2023-11-08 13:45:41.383949,config/exp-baseline/svm-smote_svm_4.yml,0.87872,0.87500,0.87661
2023-11-08 13:45:43.791463,config/exp-baseline/svm-smote_svm_5.yml,0.89321,0.88000,0.88483
2023-11-08 13:45:46.209239,config/exp-baseline/svm-smote_svm_6.yml,0.90000,0.90000,0.90000
2023-11-08 13:45:48.633121,config/exp-baseline/svm-smote_svm_7.yml,0.90999,0.90500,0.90718
2023-11-08 13:45:51.061113,config/exp-baseline/svm-smote_svm_8.yml,0.90770,0.89000,0.89688
2023-11-08 13:45:53.478393,config/exp-baseline/svm-smote_svm_9.yml,0.90427,0.90000,0.90199
