2023-11-11 18:35:18.933132,config/mcmc/balance_catboost.yml,0.60863,0.62583,0.61554
2023-11-11 18:35:24.317032,config/mcmc/balance_catboost.yml,0.66268,0.65917,0.65692
2023-11-11 18:35:29.579632,config/mcmc/balance_catboost.yml,0.66885,0.66501,0.66292
2023-11-11 18:35:34.884690,config/mcmc/balance_catboost.yml,0.77678,0.76501,0.76955
2023-11-11 18:35:40.156089,config/mcmc/balance_catboost.yml,0.65101,0.64757,0.64725
2023-11-11 18:35:45.459761,config/mcmc/balance_catboost.yml,0.65174,0.65352,0.65194
2023-11-11 18:35:50.779179,config/mcmc/balance_catboost.yml,0.60887,0.63168,0.61876
2023-11-11 18:35:56.113630,config/mcmc/balance_catboost.yml,0.60613,0.61424,0.60904
2023-11-11 18:36:01.372984,config/mcmc/balance_catboost.yml,0.60712,0.62583,0.61525
2023-11-11 18:36:06.706461,config/mcmc/balance_catboost.yml,0.60157,0.62573,0.61213
2023-11-11 18:36:11.975991,config/mcmc/balance_catboost.yml,0.65409,0.65342,0.65214
2023-11-11 18:36:17.267662,config/mcmc/balance_catboost.yml,0.60817,0.62593,0.61584
2023-11-11 18:36:22.537800,config/mcmc/balance_catboost.yml,0.65449,0.65332,0.65179
2023-11-11 18:36:27.797117,config/mcmc/balance_catboost.yml,0.66924,0.66491,0.66259
2023-11-11 18:36:33.063166,config/mcmc/balance_catboost.yml,0.66463,0.65906,0.65681
2023-11-11 18:36:37.620125,config/mcmc/balance_decision_tree.yml,0.58453,0.55031,0.56453
2023-11-11 18:36:42.141927,config/mcmc/balance_decision_tree.yml,0.60412,0.57820,0.58831
2023-11-11 18:36:46.663789,config/mcmc/balance_decision_tree.yml,0.60615,0.56640,0.58107
2023-11-11 18:36:51.265155,config/mcmc/balance_decision_tree.yml,0.60519,0.57800,0.58790
2023-11-11 18:36:55.879791,config/mcmc/balance_decision_tree.yml,0.58333,0.53297,0.55655
2023-11-11 18:37:00.452651,config/mcmc/balance_decision_tree.yml,0.57418,0.53902,0.55593
2023-11-11 18:37:05.029448,config/mcmc/balance_decision_tree.yml,0.61250,0.59534,0.60100
2023-11-11 18:37:09.589122,config/mcmc/balance_decision_tree.yml,0.57908,0.52742,0.55158
2023-11-11 18:37:14.134520,config/mcmc/balance_decision_tree.yml,0.61391,0.58375,0.59400
2023-11-11 18:37:18.669547,config/mcmc/balance_decision_tree.yml,0.60921,0.57810,0.58991
2023-11-11 18:37:23.239930,config/mcmc/balance_decision_tree.yml,0.58065,0.54457,0.56104
2023-11-11 18:37:27.780850,config/mcmc/balance_decision_tree.yml,0.58022,0.53307,0.55463
2023-11-11 18:37:32.320646,config/mcmc/balance_decision_tree.yml,0.58644,0.55041,0.56725
2023-11-11 18:37:36.868302,config/mcmc/balance_decision_tree.yml,0.58889,0.56201,0.57416
2023-11-11 18:37:41.460899,config/mcmc/balance_decision_tree.yml,0.59839,0.57215,0.58161
2023-11-11 18:37:46.213205,config/mcmc/balance_gbc.yml,0.77904,0.68830,0.68851
2023-11-11 18:37:50.980566,config/mcmc/balance_gbc.yml,0.60337,0.63158,0.61564
2023-11-11 18:37:55.944750,config/mcmc/balance_gbc.yml,0.60872,0.64912,0.62762
2023-11-11 18:38:00.726134,config/mcmc/balance_gbc.yml,0.59702,0.63743,0.61592
2023-11-11 18:38:05.515520,config/mcmc/balance_gbc.yml,0.68636,0.66501,0.66359
2023-11-11 18:38:10.281850,config/mcmc/balance_gbc.yml,0.60147,0.63753,0.61872
2023-11-11 18:38:15.140014,config/mcmc/balance_gbc.yml,0.60196,0.64338,0.62182
2023-11-11 18:38:19.972629,config/mcmc/balance_gbc.yml,0.67553,0.66501,0.66321
2023-11-11 18:38:24.792904,config/mcmc/balance_gbc.yml,0.60202,0.63158,0.61540
2023-11-11 18:38:29.575329,config/mcmc/balance_gbc.yml,0.60479,0.63753,0.61948
2023-11-11 18:38:34.350634,config/mcmc/balance_gbc.yml,0.60101,0.63158,0.61525
2023-11-11 18:38:39.094925,config/mcmc/balance_gbc.yml,0.59808,0.63743,0.61612
2023-11-11 18:38:43.875184,config/mcmc/balance_gbc.yml,0.67827,0.67076,0.66817
2023-11-11 18:38:48.633748,config/mcmc/balance_gbc.yml,0.60093,0.63743,0.61839
2023-11-11 18:38:53.503252,config/mcmc/balance_gbc.yml,0.67598,0.66491,0.66287
2023-11-11 18:38:58.102175,config/mcmc/balance_knn.yml,0.64579,0.61408,0.59637
2023-11-11 18:39:02.673189,config/mcmc/balance_knn.yml,0.62618,0.57070,0.58321
2023-11-11 18:39:07.222865,config/mcmc/balance_knn.yml,0.61524,0.56360,0.56305
2023-11-11 18:39:11.769767,config/mcmc/balance_knn.yml,0.61173,0.52472,0.54540
2023-11-11 18:39:16.379141,config/mcmc/balance_knn.yml,0.62944,0.55170,0.55614
2023-11-11 18:39:20.903908,config/mcmc/balance_knn.yml,0.60052,0.52742,0.56161
2023-11-11 18:39:25.411615,config/mcmc/balance_knn.yml,0.62285,0.52297,0.53315
2023-11-11 18:39:29.978340,config/mcmc/balance_knn.yml,0.60049,0.54967,0.56864
2023-11-11 18:39:34.519764,config/mcmc/balance_knn.yml,0.59189,0.50403,0.54372
2023-11-11 18:39:39.098958,config/mcmc/balance_knn.yml,0.68007,0.68280,0.64828
2023-11-11 18:39:43.645524,config/mcmc/balance_knn.yml,0.65983,0.61418,0.59951
2023-11-11 18:39:48.235851,config/mcmc/balance_knn.yml,0.64025,0.60998,0.60581
2023-11-11 18:39:52.794552,config/mcmc/balance_knn.yml,0.65516,0.63132,0.61263
2023-11-11 18:39:57.358627,config/mcmc/balance_knn.yml,0.67937,0.69839,0.64652
2023-11-11 18:40:01.931861,config/mcmc/balance_knn.yml,0.63030,0.55941,0.57662
2023-11-11 18:40:06.497624,config/mcmc/balance_lr.yml,0.73217,0.78375,0.72094
2023-11-11 18:40:11.081102,config/mcmc/balance_lr.yml,0.73413,0.79369,0.70827
2023-11-11 18:40:15.641517,config/mcmc/balance_lr.yml,0.72352,0.76495,0.67765
2023-11-11 18:40:20.195452,config/mcmc/balance_lr.yml,0.77083,0.87205,0.75349
2023-11-11 18:40:24.747092,config/mcmc/balance_lr.yml,0.68269,0.67655,0.64249
2023-11-11 18:40:29.321188,config/mcmc/balance_lr.yml,0.66029,0.63162,0.61376
2023-11-11 18:40:33.869920,config/mcmc/balance_lr.yml,0.78517,0.87945,0.79872
2023-11-11 18:40:38.415594,config/mcmc/balance_lr.yml,0.75992,0.85021,0.75493
2023-11-11 18:40:43.007701,config/mcmc/balance_lr.yml,0.70342,0.72303,0.69114
2023-11-11 18:40:47.603681,config/mcmc/balance_lr.yml,0.74609,0.81522,0.70806
2023-11-11 18:40:52.189795,config/mcmc/balance_lr.yml,0.75183,0.82642,0.71621
2023-11-11 18:40:56.786744,config/mcmc/balance_lr.yml,0.75388,0.83297,0.73150
2023-11-11 18:41:01.308536,config/mcmc/balance_lr.yml,0.69235,0.71143,0.67919
2023-11-11 18:41:05.893943,config/mcmc/balance_lr.yml,0.69816,0.71049,0.65925
2023-11-11 18:41:10.411275,config/mcmc/balance_lr.yml,0.72086,0.78125,0.67325
2023-11-11 18:41:15.204178,config/mcmc/balance_mlp.yml,0.73554,0.78344,0.71808
2023-11-11 18:41:19.980752,config/mcmc/balance_mlp.yml,0.68235,0.68435,0.66485
2023-11-11 18:41:24.755191,config/mcmc/balance_mlp.yml,0.73818,0.79933,0.71360
2023-11-11 18:41:29.507084,config/mcmc/balance_mlp.yml,0.73162,0.77370,0.73012
2023-11-11 18:41:34.307860,config/mcmc/balance_mlp.yml,0.69703,0.70274,0.69684
2023-11-11 18:41:39.059366,config/mcmc/balance_mlp.yml,0.74276,0.79504,0.73225
2023-11-11 18:41:43.812387,config/mcmc/balance_mlp.yml,0.73840,0.79964,0.71589
2023-11-11 18:41:48.546784,config/mcmc/balance_mlp.yml,0.75033,0.82763,0.72573
2023-11-11 18:41:53.352703,config/mcmc/balance_mlp.yml,0.71692,0.75092,0.70324
2023-11-11 18:41:58.122060,config/mcmc/balance_mlp.yml,0.72439,0.76211,0.71609
2023-11-11 18:42:02.913572,config/mcmc/balance_mlp.yml,0.71307,0.74372,0.67564
2023-11-11 18:42:07.687080,config/mcmc/balance_mlp.yml,0.73403,0.76366,0.73921
2023-11-11 18:42:12.467444,config/mcmc/balance_mlp.yml,0.70932,0.72458,0.70886
2023-11-11 18:42:17.192222,config/mcmc/balance_mlp.yml,0.71908,0.73597,0.72245
2023-11-11 18:42:21.927910,config/mcmc/balance_mlp.yml,0.74444,0.78500,0.74384
2023-11-11 18:42:26.534047,config/mcmc/balance_svm.yml,0.67527,0.67401,0.66629
2023-11-11 18:42:31.098083,config/mcmc/balance_svm.yml,0.66008,0.65187,0.65181
2023-11-11 18:42:35.668398,config/mcmc/balance_svm.yml,0.68230,0.68365,0.66353
2023-11-11 18:42:40.226272,config/mcmc/balance_svm.yml,0.70055,0.72303,0.69069
2023-11-11 18:42:44.792247,config/mcmc/balance_svm.yml,0.73279,0.77350,0.72931
2023-11-11 18:42:49.368616,config/mcmc/balance_svm.yml,0.67354,0.66786,0.66018
2023-11-11 18:42:53.969364,config/mcmc/balance_svm.yml,0.70794,0.72458,0.70982
2023-11-11 18:42:58.543177,config/mcmc/balance_svm.yml,0.68131,0.68131,0.68131
2023-11-11 18:43:03.142808,config/mcmc/balance_svm.yml,0.66171,0.65741,0.65532
2023-11-11 18:43:07.665956,config/mcmc/balance_svm.yml,0.64914,0.62293,0.62712
2023-11-11 18:43:12.244727,config/mcmc/balance_svm.yml,0.65778,0.65187,0.65125
2023-11-11 18:43:16.801312,config/mcmc/balance_svm.yml,0.63890,0.61174,0.61675
2023-11-11 18:43:21.376838,config/mcmc/balance_svm.yml,0.66209,0.64426,0.63584
2023-11-11 18:43:25.917754,config/mcmc/balance_svm.yml,0.65986,0.65207,0.65243
2023-11-11 18:43:30.519959,config/mcmc/balance_svm.yml,0.66234,0.64477,0.63883
2023-11-11 18:43:36.564849,config/mcmc/breast-cancer_catboost.yml,0.96723,0.95734,0.96191
2023-11-11 18:43:42.545252,config/mcmc/breast-cancer_catboost.yml,0.96723,0.95734,0.96191
2023-11-11 18:43:48.584006,config/mcmc/breast-cancer_catboost.yml,0.95506,0.95040,0.95264
2023-11-11 18:43:54.702288,config/mcmc/breast-cancer_catboost.yml,0.96051,0.94544,0.95213
2023-11-11 18:44:00.788864,config/mcmc/breast-cancer_catboost.yml,0.96051,0.94544,0.95213
2023-11-11 18:44:06.821283,config/mcmc/breast-cancer_catboost.yml,0.95506,0.95040,0.95264
2023-11-11 18:44:12.843422,config/mcmc/breast-cancer_catboost.yml,0.95506,0.95040,0.95264
2023-11-11 18:44:18.907327,config/mcmc/breast-cancer_catboost.yml,0.96051,0.94544,0.95213
2023-11-11 18:44:24.933168,config/mcmc/breast-cancer_catboost.yml,0.96051,0.94544,0.95213
2023-11-11 18:44:30.952337,config/mcmc/breast-cancer_catboost.yml,0.95506,0.95040,0.95264
2023-11-11 18:44:37.071965,config/mcmc/breast-cancer_catboost.yml,0.96723,0.95734,0.96191
2023-11-11 18:44:43.093482,config/mcmc/breast-cancer_catboost.yml,0.96723,0.95734,0.96191
2023-11-11 18:44:49.136644,config/mcmc/breast-cancer_catboost.yml,0.96723,0.95734,0.96191
2023-11-11 18:44:55.255161,config/mcmc/breast-cancer_catboost.yml,0.94797,0.93849,0.94287
2023-11-11 18:45:01.331463,config/mcmc/breast-cancer_catboost.yml,0.96723,0.95734,0.96191
2023-11-11 18:45:06.300990,config/mcmc/breast-cancer_decision_tree.yml,0.90325,0.91071,0.90665
2023-11-11 18:45:11.178312,config/mcmc/breast-cancer_decision_tree.yml,0.91447,0.89583,0.90372
2023-11-11 18:45:16.079701,config/mcmc/breast-cancer_decision_tree.yml,0.90751,0.88393,0.89347
2023-11-11 18:45:21.002407,config/mcmc/breast-cancer_decision_tree.yml,0.89502,0.89881,0.89683
2023-11-11 18:45:25.956425,config/mcmc/breast-cancer_decision_tree.yml,0.88690,0.88690,0.88690
2023-11-11 18:45:30.947109,config/mcmc/breast-cancer_decision_tree.yml,0.94797,0.93849,0.94287
2023-11-11 18:45:35.900324,config/mcmc/breast-cancer_decision_tree.yml,0.93602,0.93155,0.93369
2023-11-11 18:45:40.854131,config/mcmc/breast-cancer_decision_tree.yml,0.94345,0.94345,0.94345
2023-11-11 18:45:45.853425,config/mcmc/breast-cancer_decision_tree.yml,0.91369,0.91766,0.91559
2023-11-11 18:45:50.928439,config/mcmc/breast-cancer_decision_tree.yml,0.95395,0.93353,0.94223
2023-11-11 18:45:55.976884,config/mcmc/breast-cancer_decision_tree.yml,0.94103,0.92659,0.93298
2023-11-11 18:46:00.931905,config/mcmc/breast-cancer_decision_tree.yml,0.93421,0.91468,0.92297
2023-11-11 18:46:05.891540,config/mcmc/breast-cancer_decision_tree.yml,0.93236,0.93651,0.93435
2023-11-11 18:46:10.834453,config/mcmc/breast-cancer_decision_tree.yml,0.92460,0.92460,0.92460
2023-11-11 18:46:15.774330,config/mcmc/breast-cancer_decision_tree.yml,0.92872,0.91964,0.92382
2023-11-11 18:46:21.077209,config/mcmc/breast-cancer_gbc.yml,0.94753,0.92163,0.93221
2023-11-11 18:46:26.361612,config/mcmc/breast-cancer_gbc.yml,0.96723,0.95734,0.96191
2023-11-11 18:46:31.687141,config/mcmc/breast-cancer_gbc.yml,0.96723,0.95734,0.96191
2023-11-11 18:46:36.996383,config/mcmc/breast-cancer_gbc.yml,0.94026,0.94841,0.94399
2023-11-11 18:46:42.263733,config/mcmc/breast-cancer_gbc.yml,0.96051,0.94544,0.95213
2023-11-11 18:46:47.518992,config/mcmc/breast-cancer_gbc.yml,0.94103,0.92659,0.93298
2023-11-11 18:46:52.797059,config/mcmc/breast-cancer_gbc.yml,0.95395,0.93353,0.94223
2023-11-11 18:46:58.283843,config/mcmc/breast-cancer_gbc.yml,0.96051,0.94544,0.95213
2023-11-11 18:47:03.605723,config/mcmc/breast-cancer_gbc.yml,0.96723,0.95734,0.96191
2023-11-11 18:47:08.852151,config/mcmc/breast-cancer_gbc.yml,0.96051,0.94544,0.95213
2023-11-11 18:47:14.135183,config/mcmc/breast-cancer_gbc.yml,0.97368,0.95238,0.96149
2023-11-11 18:47:19.472306,config/mcmc/breast-cancer_gbc.yml,0.94345,0.94345,0.94345
2023-11-11 18:47:24.758751,config/mcmc/breast-cancer_gbc.yml,0.96723,0.95734,0.96191
2023-11-11 18:47:30.070210,config/mcmc/breast-cancer_gbc.yml,0.96723,0.95734,0.96191
2023-11-11 18:47:35.370928,config/mcmc/breast-cancer_gbc.yml,0.96051,0.94544,0.95213
2023-11-11 18:47:40.346222,config/mcmc/breast-cancer_knn.yml,0.96723,0.95734,0.96191
2023-11-11 18:47:45.254237,config/mcmc/breast-cancer_knn.yml,0.96723,0.95734,0.96191
2023-11-11 18:47:50.231783,config/mcmc/breast-cancer_knn.yml,0.96723,0.95734,0.96191
2023-11-11 18:47:55.229502,config/mcmc/breast-cancer_knn.yml,0.96723,0.95734,0.96191
2023-11-11 18:48:00.321739,config/mcmc/breast-cancer_knn.yml,0.96723,0.95734,0.96191
2023-11-11 18:48:05.276039,config/mcmc/breast-cancer_knn.yml,0.96723,0.95734,0.96191
2023-11-11 18:48:10.227063,config/mcmc/breast-cancer_knn.yml,0.96723,0.95734,0.96191
2023-11-11 18:48:15.209469,config/mcmc/breast-cancer_knn.yml,0.96723,0.95734,0.96191
2023-11-11 18:48:20.210318,config/mcmc/breast-cancer_knn.yml,0.96723,0.95734,0.96191
2023-11-11 18:48:25.190535,config/mcmc/breast-cancer_knn.yml,0.96723,0.95734,0.96191
2023-11-11 18:48:30.146180,config/mcmc/breast-cancer_knn.yml,0.96723,0.95734,0.96191
2023-11-11 18:48:35.122142,config/mcmc/breast-cancer_knn.yml,0.96723,0.95734,0.96191
2023-11-11 18:48:40.125456,config/mcmc/breast-cancer_knn.yml,0.96723,0.95734,0.96191
2023-11-11 18:48:45.147308,config/mcmc/breast-cancer_knn.yml,0.96723,0.95734,0.96191
2023-11-11 18:48:50.147866,config/mcmc/breast-cancer_knn.yml,0.96723,0.95734,0.96191
2023-11-11 18:48:55.094641,config/mcmc/breast-cancer_lr.yml,0.98115,0.98115,0.98115
2023-11-11 18:49:00.128302,config/mcmc/breast-cancer_lr.yml,0.98115,0.98115,0.98115
2023-11-11 18:49:05.102870,config/mcmc/breast-cancer_lr.yml,0.98115,0.98115,0.98115
2023-11-11 18:49:10.098101,config/mcmc/breast-cancer_lr.yml,0.98115,0.98115,0.98115
2023-11-11 18:49:15.113988,config/mcmc/breast-cancer_lr.yml,0.97411,0.96925,0.97158
2023-11-11 18:49:20.162646,config/mcmc/breast-cancer_lr.yml,0.98115,0.98115,0.98115
2023-11-11 18:49:25.126440,config/mcmc/breast-cancer_lr.yml,0.98115,0.98115,0.98115
2023-11-11 18:49:30.058786,config/mcmc/breast-cancer_lr.yml,0.98115,0.98115,0.98115
2023-11-11 18:49:35.043885,config/mcmc/breast-cancer_lr.yml,0.98115,0.98115,0.98115
2023-11-11 18:49:40.021352,config/mcmc/breast-cancer_lr.yml,0.98115,0.98115,0.98115
2023-11-11 18:49:45.025129,config/mcmc/breast-cancer_lr.yml,0.97411,0.96925,0.97158
2023-11-11 18:49:49.976080,config/mcmc/breast-cancer_lr.yml,0.98115,0.98115,0.98115
2023-11-11 18:49:54.917208,config/mcmc/breast-cancer_lr.yml,0.98115,0.98115,0.98115
2023-11-11 18:49:59.889387,config/mcmc/breast-cancer_lr.yml,0.98115,0.98115,0.98115
2023-11-11 18:50:04.903900,config/mcmc/breast-cancer_lr.yml,0.98115,0.98115,0.98115
2023-11-11 18:50:10.016753,config/mcmc/breast-cancer_mlp.yml,0.97411,0.96925,0.97158
2023-11-11 18:50:15.122256,config/mcmc/breast-cancer_mlp.yml,0.96970,0.97421,0.97186
2023-11-11 18:50:20.217956,config/mcmc/breast-cancer_mlp.yml,0.97411,0.96925,0.97158
2023-11-11 18:50:25.360516,config/mcmc/breast-cancer_mlp.yml,0.97411,0.96925,0.97158
2023-11-11 18:50:30.529411,config/mcmc/breast-cancer_mlp.yml,0.97411,0.96925,0.97158
2023-11-11 18:50:35.718305,config/mcmc/breast-cancer_mlp.yml,0.98115,0.98115,0.98115
2023-11-11 18:50:40.811719,config/mcmc/breast-cancer_mlp.yml,0.97411,0.96925,0.97158
2023-11-11 18:50:45.962441,config/mcmc/breast-cancer_mlp.yml,0.98115,0.98115,0.98115
2023-11-11 18:50:51.099668,config/mcmc/breast-cancer_mlp.yml,0.96230,0.96230,0.96230
2023-11-11 18:50:56.185691,config/mcmc/breast-cancer_mlp.yml,0.98115,0.98115,0.98115
2023-11-11 18:51:01.360503,config/mcmc/breast-cancer_mlp.yml,0.97411,0.96925,0.97158
2023-11-11 18:51:06.549640,config/mcmc/breast-cancer_mlp.yml,0.96230,0.96230,0.96230
2023-11-11 18:51:11.694642,config/mcmc/breast-cancer_mlp.yml,0.97411,0.96925,0.97158
2023-11-11 18:51:16.812901,config/mcmc/breast-cancer_mlp.yml,0.96230,0.96230,0.96230
2023-11-11 18:51:21.940269,config/mcmc/breast-cancer_mlp.yml,0.97411,0.96925,0.97158
2023-11-11 18:51:26.815325,config/mcmc/breast-cancer_svm.yml,0.96230,0.96230,0.96230
2023-11-11 18:51:31.805216,config/mcmc/breast-cancer_svm.yml,0.96230,0.96230,0.96230
2023-11-11 18:51:36.780047,config/mcmc/breast-cancer_svm.yml,0.97411,0.96925,0.97158
2023-11-11 18:51:41.769830,config/mcmc/breast-cancer_svm.yml,0.97411,0.96925,0.97158
2023-11-11 18:51:46.692292,config/mcmc/breast-cancer_svm.yml,0.97411,0.96925,0.97158
2023-11-11 18:51:51.601397,config/mcmc/breast-cancer_svm.yml,0.96230,0.96230,0.96230
2023-11-11 18:51:56.544167,config/mcmc/breast-cancer_svm.yml,0.96230,0.96230,0.96230
2023-11-11 18:52:01.556722,config/mcmc/breast-cancer_svm.yml,0.96230,0.96230,0.96230
2023-11-11 18:52:06.547625,config/mcmc/breast-cancer_svm.yml,0.97411,0.96925,0.97158
2023-11-11 18:52:11.517230,config/mcmc/breast-cancer_svm.yml,0.96230,0.96230,0.96230
2023-11-11 18:52:16.471911,config/mcmc/breast-cancer_svm.yml,0.96230,0.96230,0.96230
2023-11-11 18:52:21.410235,config/mcmc/breast-cancer_svm.yml,0.96230,0.96230,0.96230
2023-11-11 18:52:26.352490,config/mcmc/breast-cancer_svm.yml,0.96230,0.96230,0.96230
2023-11-11 18:52:31.239123,config/mcmc/breast-cancer_svm.yml,0.96230,0.96230,0.96230
2023-11-11 18:52:36.164051,config/mcmc/breast-cancer_svm.yml,0.96230,0.96230,0.96230
2023-11-11 18:52:39.661784,config/mcmc/breast-tissue_catboost.yml,0.76389,0.75000,0.74841
2023-11-11 18:52:43.155257,config/mcmc/breast-tissue_catboost.yml,0.80833,0.79167,0.78730
2023-11-11 18:52:46.648950,config/mcmc/breast-tissue_catboost.yml,0.91111,0.88889,0.89259
2023-11-11 18:52:50.139944,config/mcmc/breast-tissue_catboost.yml,0.86111,0.86944,0.86045
2023-11-11 18:52:53.628964,config/mcmc/breast-tissue_catboost.yml,0.79167,0.75833,0.75767
2023-11-11 18:52:57.133875,config/mcmc/breast-tissue_catboost.yml,0.87500,0.84722,0.85357
2023-11-11 18:53:00.706547,config/mcmc/breast-tissue_catboost.yml,0.86111,0.84722,0.84563
2023-11-11 18:53:04.233632,config/mcmc/breast-tissue_catboost.yml,0.79444,0.79167,0.78889
2023-11-11 18:53:07.755499,config/mcmc/breast-tissue_catboost.yml,0.79444,0.79167,0.78889
2023-11-11 18:53:11.284279,config/mcmc/breast-tissue_catboost.yml,0.71111,0.71667,0.70093
2023-11-11 18:53:14.788826,config/mcmc/breast-tissue_catboost.yml,0.84722,0.86111,0.84921
2023-11-11 18:53:18.307183,config/mcmc/breast-tissue_catboost.yml,0.86111,0.86944,0.86045
2023-11-11 18:53:21.807617,config/mcmc/breast-tissue_catboost.yml,0.84722,0.86111,0.84921
2023-11-11 18:53:25.322058,config/mcmc/breast-tissue_catboost.yml,0.87500,0.84722,0.85357
2023-11-11 18:53:28.814171,config/mcmc/breast-tissue_catboost.yml,0.70833,0.79167,0.74286
2023-11-11 18:53:31.615252,config/mcmc/breast-tissue_decision_tree.yml,0.74722,0.70278,0.68915
2023-11-11 18:53:34.428401,config/mcmc/breast-tissue_decision_tree.yml,0.58056,0.61944,0.58862
2023-11-11 18:53:37.241074,config/mcmc/breast-tissue_decision_tree.yml,0.59167,0.64722,0.60582
2023-11-11 18:53:40.022287,config/mcmc/breast-tissue_decision_tree.yml,0.55833,0.63333,0.58730
2023-11-11 18:53:42.818704,config/mcmc/breast-tissue_decision_tree.yml,0.54167,0.52222,0.52434
2023-11-11 18:53:45.604421,config/mcmc/breast-tissue_decision_tree.yml,0.75278,0.77222,0.74458
2023-11-11 18:53:48.405047,config/mcmc/breast-tissue_decision_tree.yml,0.79167,0.75833,0.75767
2023-11-11 18:53:51.208822,config/mcmc/breast-tissue_decision_tree.yml,0.59167,0.64722,0.61045
2023-11-11 18:53:53.996329,config/mcmc/breast-tissue_decision_tree.yml,0.45833,0.50833,0.47619
2023-11-11 18:53:56.790248,config/mcmc/breast-tissue_decision_tree.yml,0.52500,0.59167,0.55026
2023-11-11 18:53:59.621909,config/mcmc/breast-tissue_decision_tree.yml,0.66667,0.66111,0.65529
2023-11-11 18:54:02.415893,config/mcmc/breast-tissue_decision_tree.yml,0.77500,0.73056,0.70291
2023-11-11 18:54:05.209518,config/mcmc/breast-tissue_decision_tree.yml,0.75833,0.70278,0.68915
2023-11-11 18:54:08.010663,config/mcmc/breast-tissue_decision_tree.yml,0.80278,0.77222,0.74272
2023-11-11 18:54:10.806600,config/mcmc/breast-tissue_decision_tree.yml,0.66667,0.66111,0.65608
2023-11-11 18:54:13.888952,config/mcmc/breast-tissue_gbc.yml,0.68750,0.64722,0.62434
2023-11-11 18:54:16.967141,config/mcmc/breast-tissue_gbc.yml,0.68750,0.64722,0.62434
2023-11-11 18:54:20.051849,config/mcmc/breast-tissue_gbc.yml,0.78056,0.75833,0.75767
2023-11-11 18:54:23.152569,config/mcmc/breast-tissue_gbc.yml,0.68750,0.64722,0.62434
2023-11-11 18:54:26.257905,config/mcmc/breast-tissue_gbc.yml,0.77976,0.70278,0.69858
2023-11-11 18:54:29.331805,config/mcmc/breast-tissue_gbc.yml,0.77976,0.70278,0.69858
2023-11-11 18:54:32.442014,config/mcmc/breast-tissue_gbc.yml,0.76389,0.77222,0.75926
2023-11-11 18:54:35.540944,config/mcmc/breast-tissue_gbc.yml,0.76389,0.70278,0.69656
2023-11-11 18:54:38.648616,config/mcmc/breast-tissue_gbc.yml,0.73889,0.66111,0.65489
2023-11-11 18:54:41.747796,config/mcmc/breast-tissue_gbc.yml,0.60417,0.64722,0.60767
2023-11-11 18:54:44.827798,config/mcmc/breast-tissue_gbc.yml,0.77976,0.70278,0.69858
2023-11-11 18:54:47.933161,config/mcmc/breast-tissue_gbc.yml,0.76389,0.70278,0.69656
2023-11-11 18:54:51.031767,config/mcmc/breast-tissue_gbc.yml,0.58532,0.64722,0.60414
2023-11-11 18:54:54.141248,config/mcmc/breast-tissue_gbc.yml,0.77976,0.70278,0.69858
2023-11-11 18:54:57.232256,config/mcmc/breast-tissue_gbc.yml,0.74722,0.70278,0.68915
2023-11-11 18:55:00.079627,config/mcmc/breast-tissue_knn.yml,0.66667,0.67500,0.66402
2023-11-11 18:55:02.857717,config/mcmc/breast-tissue_knn.yml,0.66667,0.67500,0.66402
2023-11-11 18:55:05.650423,config/mcmc/breast-tissue_knn.yml,0.65556,0.67500,0.65410
2023-11-11 18:55:08.437918,config/mcmc/breast-tissue_knn.yml,0.66667,0.67500,0.66402
2023-11-11 18:55:11.231840,config/mcmc/breast-tissue_knn.yml,0.64167,0.64167,0.62302
2023-11-11 18:55:14.026435,config/mcmc/breast-tissue_knn.yml,0.66667,0.67500,0.66402
2023-11-11 18:55:16.814439,config/mcmc/breast-tissue_knn.yml,0.66667,0.67500,0.66402
2023-11-11 18:55:19.603587,config/mcmc/breast-tissue_knn.yml,0.66667,0.67500,0.66402
2023-11-11 18:55:22.380414,config/mcmc/breast-tissue_knn.yml,0.66667,0.67500,0.66402
2023-11-11 18:55:25.161686,config/mcmc/breast-tissue_knn.yml,0.66667,0.67500,0.66402
2023-11-11 18:55:27.944511,config/mcmc/breast-tissue_knn.yml,0.66667,0.67500,0.66402
2023-11-11 18:55:30.726257,config/mcmc/breast-tissue_knn.yml,0.66667,0.67500,0.66402
2023-11-11 18:55:33.522549,config/mcmc/breast-tissue_knn.yml,0.58333,0.63333,0.60053
2023-11-11 18:55:36.308219,config/mcmc/breast-tissue_knn.yml,0.66667,0.67500,0.66402
2023-11-11 18:55:39.116886,config/mcmc/breast-tissue_knn.yml,0.66667,0.67500,0.66402
2023-11-11 18:55:41.912822,config/mcmc/breast-tissue_lr.yml,0.81667,0.76389,0.74524
2023-11-11 18:55:44.733010,config/mcmc/breast-tissue_lr.yml,0.70556,0.70833,0.69444
2023-11-11 18:55:47.521652,config/mcmc/breast-tissue_lr.yml,0.70833,0.70833,0.69841
2023-11-11 18:55:50.321982,config/mcmc/breast-tissue_lr.yml,0.55556,0.61111,0.57407
2023-11-11 18:55:53.110127,config/mcmc/breast-tissue_lr.yml,0.75000,0.75000,0.74603
2023-11-11 18:55:55.916794,config/mcmc/breast-tissue_lr.yml,0.62222,0.65278,0.63095
2023-11-11 18:55:58.733653,config/mcmc/breast-tissue_lr.yml,0.67222,0.65278,0.65278
2023-11-11 18:56:01.565700,config/mcmc/breast-tissue_lr.yml,0.81667,0.76389,0.74524
2023-11-11 18:56:04.401835,config/mcmc/breast-tissue_lr.yml,0.70556,0.70833,0.69444
2023-11-11 18:56:07.215648,config/mcmc/breast-tissue_lr.yml,0.81667,0.76389,0.74524
2023-11-11 18:56:10.025779,config/mcmc/breast-tissue_lr.yml,0.75000,0.75000,0.74603
2023-11-11 18:56:12.820374,config/mcmc/breast-tissue_lr.yml,0.81667,0.76389,0.74524
2023-11-11 18:56:15.599970,config/mcmc/breast-tissue_lr.yml,0.76111,0.75000,0.74524
2023-11-11 18:56:18.394712,config/mcmc/breast-tissue_lr.yml,0.65000,0.69444,0.66667
2023-11-11 18:56:21.191472,config/mcmc/breast-tissue_lr.yml,0.65000,0.69444,0.66931
2023-11-11 18:56:24.044533,config/mcmc/breast-tissue_mlp.yml,0.73333,0.76389,0.72870
2023-11-11 18:56:26.878104,config/mcmc/breast-tissue_mlp.yml,0.46667,0.57778,0.49976
2023-11-11 18:56:29.713069,config/mcmc/breast-tissue_mlp.yml,0.60556,0.66667,0.62222
2023-11-11 18:56:32.543223,config/mcmc/breast-tissue_mlp.yml,0.55595,0.63333,0.57249
2023-11-11 18:56:35.365852,config/mcmc/breast-tissue_mlp.yml,0.77222,0.70833,0.69444
2023-11-11 18:56:38.197088,config/mcmc/breast-tissue_mlp.yml,0.60556,0.61944,0.59788
2023-11-11 18:56:41.045015,config/mcmc/breast-tissue_mlp.yml,0.70556,0.70833,0.69444
2023-11-11 18:56:43.892911,config/mcmc/breast-tissue_mlp.yml,0.47262,0.57778,0.50582
2023-11-11 18:56:46.727690,config/mcmc/breast-tissue_mlp.yml,0.72222,0.70833,0.69630
2023-11-11 18:56:49.582012,config/mcmc/breast-tissue_mlp.yml,0.46667,0.57778,0.49976
2023-11-11 18:56:52.423463,config/mcmc/breast-tissue_mlp.yml,0.60000,0.66944,0.61111
2023-11-11 18:56:55.271280,config/mcmc/breast-tissue_mlp.yml,0.68095,0.66667,0.63148
2023-11-11 18:56:58.132353,config/mcmc/breast-tissue_mlp.yml,0.61429,0.60000,0.54815
2023-11-11 18:57:01.057739,config/mcmc/breast-tissue_mlp.yml,0.61429,0.60000,0.54815
2023-11-11 18:57:03.897307,config/mcmc/breast-tissue_mlp.yml,0.68095,0.66667,0.63148
2023-11-11 18:57:06.678876,config/mcmc/breast-tissue_svm.yml,0.55556,0.63333,0.57937
2023-11-11 18:57:09.464170,config/mcmc/breast-tissue_svm.yml,0.71944,0.73056,0.70767
2023-11-11 18:57:12.271761,config/mcmc/breast-tissue_svm.yml,0.53651,0.60000,0.53889
2023-11-11 18:57:15.059605,config/mcmc/breast-tissue_svm.yml,0.56667,0.65556,0.58333
2023-11-11 18:57:17.843663,config/mcmc/breast-tissue_svm.yml,0.52500,0.55000,0.53175
2023-11-11 18:57:20.655444,config/mcmc/breast-tissue_svm.yml,0.50000,0.57778,0.51828
2023-11-11 18:57:23.434983,config/mcmc/breast-tissue_svm.yml,0.56151,0.63333,0.57989
2023-11-11 18:57:26.239200,config/mcmc/breast-tissue_svm.yml,0.65278,0.67500,0.65608
2023-11-11 18:57:29.022460,config/mcmc/breast-tissue_svm.yml,0.68056,0.66111,0.64286
2023-11-11 18:57:31.826259,config/mcmc/breast-tissue_svm.yml,0.66389,0.67500,0.65212
2023-11-11 18:57:34.630853,config/mcmc/breast-tissue_svm.yml,0.56944,0.61944,0.57937
2023-11-11 18:57:37.434899,config/mcmc/breast-tissue_svm.yml,0.61111,0.61944,0.60847
2023-11-11 18:57:40.241954,config/mcmc/breast-tissue_svm.yml,0.50000,0.57778,0.51828
2023-11-11 18:57:43.003901,config/mcmc/breast-tissue_svm.yml,0.59167,0.68889,0.62434
2023-11-11 18:57:45.809668,config/mcmc/breast-tissue_svm.yml,0.60833,0.61944,0.59656
2023-11-11 18:57:49.820223,config/mcmc/connectionist_catboost.yml,0.78604,0.78409,0.78462
2023-11-11 18:57:53.833239,config/mcmc/connectionist_catboost.yml,0.78604,0.78409,0.78462
2023-11-11 18:57:57.857134,config/mcmc/connectionist_catboost.yml,0.78604,0.78409,0.78462
2023-11-11 18:58:01.937144,config/mcmc/connectionist_catboost.yml,0.81250,0.80682,0.80778
2023-11-11 18:58:06.002073,config/mcmc/connectionist_catboost.yml,0.86111,0.85455,0.85584
2023-11-11 18:58:10.051933,config/mcmc/connectionist_catboost.yml,0.78604,0.78409,0.78462
2023-11-11 18:58:14.079259,config/mcmc/connectionist_catboost.yml,0.81250,0.80682,0.80778
2023-11-11 18:58:18.115577,config/mcmc/connectionist_catboost.yml,0.78604,0.78409,0.78462
2023-11-11 18:58:22.170814,config/mcmc/connectionist_catboost.yml,0.78604,0.78409,0.78462
2023-11-11 18:58:26.209170,config/mcmc/connectionist_catboost.yml,0.81250,0.80682,0.80778
2023-11-11 18:58:30.236654,config/mcmc/connectionist_catboost.yml,0.78604,0.78409,0.78462
2023-11-11 18:58:34.270557,config/mcmc/connectionist_catboost.yml,0.81250,0.80682,0.80778
2023-11-11 18:58:38.309747,config/mcmc/connectionist_catboost.yml,0.78604,0.78409,0.78462
2023-11-11 18:58:42.348510,config/mcmc/connectionist_catboost.yml,0.78604,0.78409,0.78462
2023-11-11 18:58:46.413543,config/mcmc/connectionist_catboost.yml,0.81250,0.80682,0.80778
2023-11-11 18:58:49.264072,config/mcmc/connectionist_decision_tree.yml,0.70235,0.69545,0.68889
2023-11-11 18:58:52.104302,config/mcmc/connectionist_decision_tree.yml,0.80118,0.79091,0.78462
2023-11-11 18:58:54.967194,config/mcmc/connectionist_decision_tree.yml,0.73799,0.73636,0.73675
2023-11-11 18:58:57.813332,config/mcmc/connectionist_decision_tree.yml,0.80118,0.79091,0.78462
2023-11-11 18:59:00.693531,config/mcmc/connectionist_decision_tree.yml,0.61806,0.61591,0.61556
2023-11-11 18:59:03.561044,config/mcmc/connectionist_decision_tree.yml,0.69048,0.69091,0.69030
2023-11-11 18:59:06.440151,config/mcmc/connectionist_decision_tree.yml,0.76667,0.74545,0.73433
2023-11-11 18:59:09.255856,config/mcmc/connectionist_decision_tree.yml,0.67361,0.67045,0.66591
2023-11-11 18:59:12.096685,config/mcmc/connectionist_decision_tree.yml,0.69451,0.69318,0.69030
2023-11-11 18:59:14.941908,config/mcmc/connectionist_decision_tree.yml,0.71364,0.71364,0.71364
2023-11-11 18:59:17.792437,config/mcmc/connectionist_decision_tree.yml,0.67361,0.67045,0.66591
2023-11-11 18:59:20.625594,config/mcmc/connectionist_decision_tree.yml,0.69451,0.69318,0.69030
2023-11-11 18:59:23.479638,config/mcmc/connectionist_decision_tree.yml,0.69294,0.68636,0.68603
2023-11-11 18:59:26.332911,config/mcmc/connectionist_decision_tree.yml,0.71364,0.71364,0.71364
2023-11-11 18:59:29.164689,config/mcmc/connectionist_decision_tree.yml,0.78604,0.78409,0.78462
2023-11-11 18:59:32.170834,config/mcmc/connectionist_gbc.yml,0.78604,0.78409,0.78462
2023-11-11 18:59:35.198169,config/mcmc/connectionist_gbc.yml,0.81250,0.80682,0.80778
2023-11-11 18:59:38.259027,config/mcmc/connectionist_gbc.yml,0.81250,0.80682,0.80778
2023-11-11 18:59:41.267084,config/mcmc/connectionist_gbc.yml,0.78604,0.78409,0.78462
2023-11-11 18:59:44.305323,config/mcmc/connectionist_gbc.yml,0.78604,0.78409,0.78462
2023-11-11 18:59:47.335044,config/mcmc/connectionist_gbc.yml,0.80909,0.80909,0.80909
2023-11-11 18:59:50.363840,config/mcmc/connectionist_gbc.yml,0.78604,0.78409,0.78462
2023-11-11 18:59:53.380228,config/mcmc/connectionist_gbc.yml,0.78604,0.78409,0.78462
2023-11-11 18:59:56.440626,config/mcmc/connectionist_gbc.yml,0.83410,0.83182,0.83248
2023-11-11 18:59:59.467497,config/mcmc/connectionist_gbc.yml,0.76136,0.76136,0.76136
2023-11-11 19:00:02.549448,config/mcmc/connectionist_gbc.yml,0.76136,0.76136,0.76136
2023-11-11 19:00:05.594251,config/mcmc/connectionist_gbc.yml,0.83410,0.83182,0.83248
2023-11-11 19:00:08.633596,config/mcmc/connectionist_gbc.yml,0.78604,0.78409,0.78462
2023-11-11 19:00:11.664311,config/mcmc/connectionist_gbc.yml,0.78604,0.78409,0.78462
2023-11-11 19:00:14.689235,config/mcmc/connectionist_gbc.yml,0.78571,0.78636,0.78559
2023-11-11 19:00:17.553066,config/mcmc/connectionist_knn.yml,0.81250,0.80682,0.80778
2023-11-11 19:00:20.428832,config/mcmc/connectionist_knn.yml,0.81250,0.80682,0.80778
2023-11-11 19:00:23.325601,config/mcmc/connectionist_knn.yml,0.81250,0.80682,0.80778
2023-11-11 19:00:26.173628,config/mcmc/connectionist_knn.yml,0.81250,0.80682,0.80778
2023-11-11 19:00:29.033624,config/mcmc/connectionist_knn.yml,0.81250,0.80682,0.80778
2023-11-11 19:00:31.910739,config/mcmc/connectionist_knn.yml,0.81250,0.80682,0.80778
2023-11-11 19:00:34.773935,config/mcmc/connectionist_knn.yml,0.81250,0.80682,0.80778
2023-11-11 19:00:37.635741,config/mcmc/connectionist_knn.yml,0.81250,0.80682,0.80778
2023-11-11 19:00:40.505113,config/mcmc/connectionist_knn.yml,0.81250,0.80682,0.80778
2023-11-11 19:00:43.380902,config/mcmc/connectionist_knn.yml,0.81250,0.80682,0.80778
2023-11-11 19:00:46.265866,config/mcmc/connectionist_knn.yml,0.81250,0.80682,0.80778
2023-11-11 19:00:49.100817,config/mcmc/connectionist_knn.yml,0.81250,0.80682,0.80778
2023-11-11 19:00:51.963595,config/mcmc/connectionist_knn.yml,0.81250,0.80682,0.80778
2023-11-11 19:00:54.841003,config/mcmc/connectionist_knn.yml,0.81250,0.80682,0.80778
2023-11-11 19:00:57.714304,config/mcmc/connectionist_knn.yml,0.81250,0.80682,0.80778
2023-11-11 19:01:00.569763,config/mcmc/connectionist_lr.yml,0.67361,0.67045,0.66591
2023-11-11 19:01:03.469571,config/mcmc/connectionist_lr.yml,0.67361,0.67045,0.66591
2023-11-11 19:01:06.346732,config/mcmc/connectionist_lr.yml,0.67361,0.67045,0.66591
2023-11-11 19:01:09.197231,config/mcmc/connectionist_lr.yml,0.67361,0.67045,0.66591
2023-11-11 19:01:12.051416,config/mcmc/connectionist_lr.yml,0.67361,0.67045,0.66591
2023-11-11 19:01:14.901634,config/mcmc/connectionist_lr.yml,0.67361,0.67045,0.66591
2023-11-11 19:01:17.783106,config/mcmc/connectionist_lr.yml,0.67361,0.67045,0.66591
2023-11-11 19:01:20.657566,config/mcmc/connectionist_lr.yml,0.67361,0.67045,0.66591
2023-11-11 19:01:23.513040,config/mcmc/connectionist_lr.yml,0.67361,0.67045,0.66591
2023-11-11 19:01:26.364007,config/mcmc/connectionist_lr.yml,0.67361,0.67045,0.66591
2023-11-11 19:01:29.232527,config/mcmc/connectionist_lr.yml,0.67361,0.67045,0.66591
2023-11-11 19:01:32.082939,config/mcmc/connectionist_lr.yml,0.67361,0.67045,0.66591
2023-11-11 19:01:34.929850,config/mcmc/connectionist_lr.yml,0.71591,0.71591,0.71429
2023-11-11 19:01:37.798693,config/mcmc/connectionist_lr.yml,0.67361,0.67045,0.66591
2023-11-11 19:01:40.666551,config/mcmc/connectionist_lr.yml,0.69451,0.69318,0.69030
2023-11-11 19:01:43.564139,config/mcmc/connectionist_mlp.yml,0.86111,0.85455,0.85584
2023-11-11 19:01:46.455074,config/mcmc/connectionist_mlp.yml,0.80909,0.80909,0.80909
2023-11-11 19:01:49.352292,config/mcmc/connectionist_mlp.yml,0.84118,0.82955,0.83094
2023-11-11 19:01:52.235311,config/mcmc/connectionist_mlp.yml,0.86111,0.85455,0.85584
2023-11-11 19:01:55.126736,config/mcmc/connectionist_mlp.yml,0.83410,0.83182,0.83248
2023-11-11 19:01:58.016704,config/mcmc/connectionist_mlp.yml,0.86111,0.85455,0.85584
2023-11-11 19:02:00.940522,config/mcmc/connectionist_mlp.yml,0.89059,0.87727,0.87924
2023-11-11 19:02:03.898289,config/mcmc/connectionist_mlp.yml,0.86111,0.85455,0.85584
2023-11-11 19:02:06.809317,config/mcmc/connectionist_mlp.yml,0.86111,0.85455,0.85584
2023-11-11 19:02:09.714629,config/mcmc/connectionist_mlp.yml,0.80909,0.80909,0.80909
2023-11-11 19:02:12.608086,config/mcmc/connectionist_mlp.yml,0.80909,0.80909,0.80909
2023-11-11 19:02:15.527377,config/mcmc/connectionist_mlp.yml,0.86111,0.85455,0.85584
2023-11-11 19:02:18.404245,config/mcmc/connectionist_mlp.yml,0.83410,0.83182,0.83248
2023-11-11 19:02:21.329638,config/mcmc/connectionist_mlp.yml,0.83410,0.83182,0.83248
2023-11-11 19:02:24.246851,config/mcmc/connectionist_mlp.yml,0.76364,0.76364,0.76190
2023-11-11 19:02:27.082426,config/mcmc/connectionist_svm.yml,0.78571,0.78636,0.78559
2023-11-11 19:02:29.896472,config/mcmc/connectionist_svm.yml,0.81136,0.81136,0.80952
2023-11-11 19:02:32.724488,config/mcmc/connectionist_svm.yml,0.76364,0.76364,0.76190
2023-11-11 19:02:35.579420,config/mcmc/connectionist_svm.yml,0.80909,0.80909,0.80909
2023-11-11 19:02:38.433676,config/mcmc/connectionist_svm.yml,0.83410,0.83182,0.83248
2023-11-11 19:02:41.293786,config/mcmc/connectionist_svm.yml,0.78571,0.78636,0.78559
2023-11-11 19:02:44.124507,config/mcmc/connectionist_svm.yml,0.76364,0.76364,0.76190
2023-11-11 19:02:46.976065,config/mcmc/connectionist_svm.yml,0.80909,0.80909,0.80909
2023-11-11 19:02:49.824099,config/mcmc/connectionist_svm.yml,0.78571,0.78636,0.78559
2023-11-11 19:02:52.667646,config/mcmc/connectionist_svm.yml,0.78571,0.78636,0.78559
2023-11-11 19:02:55.496874,config/mcmc/connectionist_svm.yml,0.78571,0.78636,0.78559
2023-11-11 19:02:58.320096,config/mcmc/connectionist_svm.yml,0.80909,0.80909,0.80909
2023-11-11 19:03:01.137724,config/mcmc/connectionist_svm.yml,0.76364,0.76364,0.76190
2023-11-11 19:03:04.047188,config/mcmc/connectionist_svm.yml,0.83333,0.83409,0.83324
2023-11-11 19:03:06.883735,config/mcmc/connectionist_svm.yml,0.80909,0.80909,0.80909
2023-11-11 19:03:24.813482,config/mcmc/frogs_catboost.yml,0.98770,0.98737,0.98753
2023-11-11 19:03:42.561197,config/mcmc/frogs_catboost.yml,0.99096,0.98996,0.99046
2023-11-11 19:04:00.263471,config/mcmc/frogs_catboost.yml,0.99187,0.99053,0.99119
2023-11-11 19:04:18.148065,config/mcmc/frogs_catboost.yml,0.98973,0.98973,0.98973
2023-11-11 19:04:35.922470,config/mcmc/frogs_catboost.yml,0.99096,0.98996,0.99046
2023-11-11 19:04:53.664753,config/mcmc/frogs_catboost.yml,0.99074,0.98873,0.98971
2023-11-11 19:05:11.699443,config/mcmc/frogs_catboost.yml,0.99177,0.99210,0.99194
2023-11-11 19:05:29.478567,config/mcmc/frogs_catboost.yml,0.99006,0.98940,0.98973
2023-11-11 19:05:47.191612,config/mcmc/frogs_catboost.yml,0.98827,0.98827,0.98827
2023-11-11 19:06:04.903819,config/mcmc/frogs_catboost.yml,0.99063,0.99030,0.99046
2023-11-11 19:06:22.725767,config/mcmc/frogs_catboost.yml,0.99153,0.99087,0.99120
2023-11-11 19:06:40.430456,config/mcmc/frogs_catboost.yml,0.98892,0.98760,0.98825
2023-11-11 19:06:58.153253,config/mcmc/frogs_catboost.yml,0.98949,0.98850,0.98899
2023-11-11 19:07:15.997499,config/mcmc/frogs_catboost.yml,0.99031,0.99064,0.99047
2023-11-11 19:07:33.777262,config/mcmc/frogs_catboost.yml,0.99063,0.99030,0.99046
2023-11-11 19:07:50.067190,config/mcmc/frogs_decision_tree.yml,0.94863,0.94710,0.94785
2023-11-11 19:08:06.472290,config/mcmc/frogs_decision_tree.yml,0.97071,0.96472,0.96754
2023-11-11 19:08:22.811069,config/mcmc/frogs_decision_tree.yml,0.97507,0.97507,0.97507
2023-11-11 19:08:39.376161,config/mcmc/frogs_decision_tree.yml,0.96192,0.95873,0.96027
2023-11-11 19:08:55.622233,config/mcmc/frogs_decision_tree.yml,0.96423,0.96233,0.96326
2023-11-11 19:09:12.029183,config/mcmc/frogs_decision_tree.yml,0.96157,0.96063,0.96110
2023-11-11 19:09:28.393114,config/mcmc/frogs_decision_tree.yml,0.97480,0.97383,0.97431
2023-11-11 19:09:44.818619,config/mcmc/frogs_decision_tree.yml,0.96020,0.96231,0.96123
2023-11-11 19:10:01.266498,config/mcmc/frogs_decision_tree.yml,0.96275,0.96244,0.96259
2023-11-11 19:10:17.587529,config/mcmc/frogs_decision_tree.yml,0.96803,0.96740,0.96772
2023-11-11 19:10:33.858424,config/mcmc/frogs_decision_tree.yml,0.95280,0.95341,0.95310
2023-11-11 19:10:50.167554,config/mcmc/frogs_decision_tree.yml,0.97078,0.96753,0.96910
2023-11-11 19:11:06.470850,config/mcmc/frogs_decision_tree.yml,0.96451,0.96357,0.96403
2023-11-11 19:11:22.937098,config/mcmc/frogs_decision_tree.yml,0.96964,0.96573,0.96760
2023-11-11 19:11:39.256414,config/mcmc/frogs_decision_tree.yml,0.96539,0.96570,0.96555
2023-11-11 19:11:59.243270,config/mcmc/frogs_gbc.yml,0.97454,0.97260,0.97355
2023-11-11 19:12:18.898317,config/mcmc/frogs_gbc.yml,0.97863,0.97733,0.97797
2023-11-11 19:12:38.755789,config/mcmc/frogs_gbc.yml,0.97749,0.97553,0.97649
2023-11-11 19:12:58.589181,config/mcmc/frogs_gbc.yml,0.97307,0.97113,0.97208
2023-11-11 19:13:18.456702,config/mcmc/frogs_gbc.yml,0.97839,0.97610,0.97722
2023-11-11 19:13:38.190401,config/mcmc/frogs_gbc.yml,0.97612,0.97249,0.97424
2023-11-11 19:13:57.719991,config/mcmc/frogs_gbc.yml,0.97816,0.97486,0.97646
2023-11-11 19:14:17.464227,config/mcmc/frogs_gbc.yml,0.97816,0.97486,0.97646
2023-11-11 19:14:37.122972,config/mcmc/frogs_gbc.yml,0.97544,0.97316,0.97428
2023-11-11 19:14:56.944366,config/mcmc/frogs_gbc.yml,0.97647,0.97216,0.97422
2023-11-11 19:15:16.773894,config/mcmc/frogs_gbc.yml,0.97986,0.97756,0.97869
2023-11-11 19:15:36.498676,config/mcmc/frogs_gbc.yml,0.97169,0.96809,0.96982
2023-11-11 19:15:56.299582,config/mcmc/frogs_gbc.yml,0.98043,0.97846,0.97943
2023-11-11 19:16:16.090108,config/mcmc/frogs_gbc.yml,0.97716,0.97587,0.97650
2023-11-11 19:16:35.920361,config/mcmc/frogs_gbc.yml,0.97692,0.97463,0.97575
2023-11-11 19:16:52.013127,config/mcmc/frogs_knn.yml,0.99368,0.99166,0.99265
2023-11-11 19:17:08.380836,config/mcmc/frogs_knn.yml,0.99368,0.99166,0.99265
2023-11-11 19:17:24.577255,config/mcmc/frogs_knn.yml,0.99368,0.99166,0.99265
2023-11-11 19:17:40.749293,config/mcmc/frogs_knn.yml,0.99368,0.99166,0.99265
2023-11-11 19:17:57.238846,config/mcmc/frogs_knn.yml,0.99368,0.99166,0.99265
2023-11-11 19:18:13.546798,config/mcmc/frogs_knn.yml,0.99368,0.99166,0.99265
2023-11-11 19:18:29.837053,config/mcmc/frogs_knn.yml,0.99368,0.99166,0.99265
2023-11-11 19:18:46.074684,config/mcmc/frogs_knn.yml,0.99368,0.99166,0.99265
2023-11-11 19:19:02.234693,config/mcmc/frogs_knn.yml,0.99368,0.99166,0.99265
2023-11-11 19:19:18.605665,config/mcmc/frogs_knn.yml,0.99368,0.99166,0.99265
2023-11-11 19:19:34.912927,config/mcmc/frogs_knn.yml,0.99368,0.99166,0.99265
2023-11-11 19:19:51.057317,config/mcmc/frogs_knn.yml,0.99368,0.99166,0.99265
2023-11-11 19:20:07.376504,config/mcmc/frogs_knn.yml,0.99368,0.99166,0.99265
2023-11-11 19:20:23.653844,config/mcmc/frogs_knn.yml,0.99368,0.99166,0.99265
2023-11-11 19:20:39.848270,config/mcmc/frogs_knn.yml,0.99368,0.99166,0.99265
2023-11-11 19:20:56.090596,config/mcmc/frogs_lr.yml,0.94662,0.94159,0.94396
2023-11-11 19:21:12.468557,config/mcmc/frogs_lr.yml,0.94479,0.94203,0.94337
2023-11-11 19:21:28.702189,config/mcmc/frogs_lr.yml,0.94244,0.93843,0.94034
2023-11-11 19:21:45.027722,config/mcmc/frogs_lr.yml,0.94479,0.94203,0.94337
2023-11-11 19:22:01.181268,config/mcmc/frogs_lr.yml,0.94420,0.94113,0.94261
2023-11-11 19:22:17.577091,config/mcmc/frogs_lr.yml,0.94333,0.93899,0.94106
2023-11-11 19:22:33.826198,config/mcmc/frogs_lr.yml,0.94362,0.94180,0.94269
2023-11-11 19:22:49.999144,config/mcmc/frogs_lr.yml,0.94509,0.94170,0.94333
2023-11-11 19:23:06.352371,config/mcmc/frogs_lr.yml,0.94390,0.94146,0.94265
2023-11-11 19:23:22.480779,config/mcmc/frogs_lr.yml,0.94450,0.94237,0.94341
2023-11-11 19:23:38.633634,config/mcmc/frogs_lr.yml,0.94629,0.94193,0.94400
2023-11-11 19:23:54.740614,config/mcmc/frogs_lr.yml,0.94568,0.94260,0.94408
2023-11-11 19:24:11.086978,config/mcmc/frogs_lr.yml,0.93948,0.93707,0.93824
2023-11-11 19:24:27.418650,config/mcmc/frogs_lr.yml,0.94244,0.93843,0.94034
2023-11-11 19:24:43.625831,config/mcmc/frogs_lr.yml,0.94125,0.93820,0.93967
2023-11-11 19:25:01.445054,config/mcmc/frogs_mlp.yml,0.98795,0.98860,0.98828
2023-11-11 19:25:19.265586,config/mcmc/frogs_mlp.yml,0.98472,0.98601,0.98535
2023-11-11 19:25:37.234285,config/mcmc/frogs_mlp.yml,0.99063,0.99030,0.99046
2023-11-11 19:25:55.112231,config/mcmc/frogs_mlp.yml,0.98795,0.98860,0.98828
2023-11-11 19:26:13.016305,config/mcmc/frogs_mlp.yml,0.98268,0.98364,0.98315
2023-11-11 19:26:31.076800,config/mcmc/frogs_mlp.yml,0.98999,0.99097,0.99048
2023-11-11 19:26:49.172781,config/mcmc/frogs_mlp.yml,0.98969,0.99131,0.99048
2023-11-11 19:27:06.897395,config/mcmc/frogs_mlp.yml,0.98533,0.98533,0.98533
2023-11-11 19:27:24.850927,config/mcmc/frogs_mlp.yml,0.98560,0.98657,0.98608
2023-11-11 19:27:42.874752,config/mcmc/frogs_mlp.yml,0.98530,0.98691,0.98609
2023-11-11 19:28:00.791968,config/mcmc/frogs_mlp.yml,0.99088,0.99154,0.99121
2023-11-11 19:28:18.625358,config/mcmc/frogs_mlp.yml,0.99006,0.98940,0.98973
2023-11-11 19:28:36.562626,config/mcmc/frogs_mlp.yml,0.98298,0.98330,0.98314
2023-11-11 19:28:54.483712,config/mcmc/frogs_mlp.yml,0.98238,0.98397,0.98316
2023-11-11 19:29:12.286147,config/mcmc/frogs_mlp.yml,0.98649,0.98714,0.98681
2023-11-11 19:29:28.607031,config/mcmc/frogs_svm.yml,0.98043,0.97846,0.97943
2023-11-11 19:29:44.962884,config/mcmc/frogs_svm.yml,0.98157,0.98026,0.98091
2023-11-11 19:30:01.209351,config/mcmc/frogs_svm.yml,0.98304,0.98173,0.98238
2023-11-11 19:30:17.709296,config/mcmc/frogs_svm.yml,0.98304,0.98173,0.98238
2023-11-11 19:30:34.336471,config/mcmc/frogs_svm.yml,0.98157,0.98026,0.98091
2023-11-11 19:30:50.664527,config/mcmc/frogs_svm.yml,0.98157,0.98026,0.98091
2023-11-11 19:31:06.959440,config/mcmc/frogs_svm.yml,0.98157,0.98026,0.98091
2023-11-11 19:31:23.256838,config/mcmc/frogs_svm.yml,0.98043,0.97846,0.97943
2023-11-11 19:31:39.665401,config/mcmc/frogs_svm.yml,0.98157,0.98026,0.98091
2023-11-11 19:31:56.079276,config/mcmc/frogs_svm.yml,0.98100,0.97936,0.98017
2023-11-11 19:32:12.480013,config/mcmc/frogs_svm.yml,0.98100,0.97936,0.98017
2023-11-11 19:32:28.880908,config/mcmc/frogs_svm.yml,0.98272,0.98207,0.98239
2023-11-11 19:32:45.098692,config/mcmc/frogs_svm.yml,0.98157,0.98026,0.98091
2023-11-11 19:33:01.172705,config/mcmc/frogs_svm.yml,0.98100,0.97936,0.98017
2023-11-11 19:33:17.628434,config/mcmc/frogs_svm.yml,0.98100,0.97936,0.98017
2023-11-11 19:33:24.358519,config/mcmc/heart_2cl_catboost.yml,0.92157,0.63636,0.67173
2023-11-11 19:33:31.113998,config/mcmc/heart_2cl_catboost.yml,0.71837,0.61311,0.63315
2023-11-11 19:33:37.817021,config/mcmc/heart_2cl_catboost.yml,0.76042,0.65856,0.68584
2023-11-11 19:33:44.632869,config/mcmc/heart_2cl_catboost.yml,0.79500,0.62474,0.65161
2023-11-11 19:33:51.395028,config/mcmc/heart_2cl_catboost.yml,0.76042,0.65856,0.68584
2023-11-11 19:33:58.118018,config/mcmc/heart_2cl_catboost.yml,0.85417,0.71564,0.75566
2023-11-11 19:34:04.858651,config/mcmc/heart_2cl_catboost.yml,0.82065,0.74947,0.77646
2023-11-11 19:34:11.622721,config/mcmc/heart_2cl_catboost.yml,0.82857,0.67019,0.70652
2023-11-11 19:34:18.403842,config/mcmc/heart_2cl_catboost.yml,0.93000,0.68182,0.72903
2023-11-11 19:34:25.122436,config/mcmc/heart_2cl_catboost.yml,0.79500,0.62474,0.65161
2023-11-11 19:34:31.840584,config/mcmc/heart_2cl_catboost.yml,0.79500,0.62474,0.65161
2023-11-11 19:34:38.452645,config/mcmc/heart_2cl_catboost.yml,0.93000,0.68182,0.72903
2023-11-11 19:34:45.219769,config/mcmc/heart_2cl_catboost.yml,0.76042,0.65856,0.68584
2023-11-11 19:34:52.045547,config/mcmc/heart_2cl_catboost.yml,0.92157,0.63636,0.67173
2023-11-11 19:34:58.741902,config/mcmc/heart_2cl_catboost.yml,0.82857,0.67019,0.70652
2023-11-11 19:35:04.478306,config/mcmc/heart_2cl_decision_tree.yml,0.55909,0.55497,0.55665
2023-11-11 19:35:10.273540,config/mcmc/heart_2cl_decision_tree.yml,0.63590,0.66808,0.64540
2023-11-11 19:35:16.146840,config/mcmc/heart_2cl_decision_tree.yml,0.61914,0.63425,0.62500
2023-11-11 19:35:21.910409,config/mcmc/heart_2cl_decision_tree.yml,0.54334,0.54334,0.54334
2023-11-11 19:35:27.687498,config/mcmc/heart_2cl_decision_tree.yml,0.65751,0.65751,0.65751
2023-11-11 19:35:33.454275,config/mcmc/heart_2cl_decision_tree.yml,0.67391,0.63531,0.64873
2023-11-11 19:35:39.235501,config/mcmc/heart_2cl_decision_tree.yml,0.58333,0.58879,0.58568
2023-11-11 19:35:45.000663,config/mcmc/heart_2cl_decision_tree.yml,0.74318,0.72622,0.73399
2023-11-11 19:35:50.697845,config/mcmc/heart_2cl_decision_tree.yml,0.49773,0.49789,0.49754
2023-11-11 19:35:56.464984,config/mcmc/heart_2cl_decision_tree.yml,0.54334,0.54334,0.54334
2023-11-11 19:36:02.236036,config/mcmc/heart_2cl_decision_tree.yml,0.49773,0.49789,0.49754
2023-11-11 19:36:08.040428,config/mcmc/heart_2cl_decision_tree.yml,0.66667,0.60148,0.61603
2023-11-11 19:36:13.905332,config/mcmc/heart_2cl_decision_tree.yml,0.65179,0.67970,0.66169
2023-11-11 19:36:19.723731,config/mcmc/heart_2cl_decision_tree.yml,0.69048,0.70296,0.69616
2023-11-11 19:36:25.459118,config/mcmc/heart_2cl_decision_tree.yml,0.60816,0.55603,0.55978
2023-11-11 19:36:31.409972,config/mcmc/heart_2cl_gbc.yml,0.82857,0.67019,0.70652
2023-11-11 19:36:37.320615,config/mcmc/heart_2cl_gbc.yml,0.74728,0.69239,0.71260
2023-11-11 19:36:43.345339,config/mcmc/heart_2cl_gbc.yml,0.76042,0.65856,0.68584
2023-11-11 19:36:49.318493,config/mcmc/heart_2cl_gbc.yml,0.71111,0.68076,0.69318
2023-11-11 19:36:55.266770,config/mcmc/heart_2cl_gbc.yml,0.82065,0.74947,0.77646
2023-11-11 19:37:01.235087,config/mcmc/heart_2cl_gbc.yml,0.82857,0.67019,0.70652
2023-11-11 19:37:07.250791,config/mcmc/heart_2cl_gbc.yml,0.71125,0.64693,0.66667
2023-11-11 19:37:13.181523,config/mcmc/heart_2cl_gbc.yml,0.66667,0.60148,0.61603
2023-11-11 19:37:19.190793,config/mcmc/heart_2cl_gbc.yml,0.71125,0.64693,0.66667
2023-11-11 19:37:25.152782,config/mcmc/heart_2cl_gbc.yml,0.71125,0.64693,0.66667
2023-11-11 19:37:31.094522,config/mcmc/heart_2cl_gbc.yml,0.93000,0.68182,0.72903
2023-11-11 19:37:37.024411,config/mcmc/heart_2cl_gbc.yml,0.76042,0.65856,0.68584
2023-11-11 19:37:43.040530,config/mcmc/heart_2cl_gbc.yml,0.84444,0.79493,0.81591
2023-11-11 19:37:48.990164,config/mcmc/heart_2cl_gbc.yml,0.74728,0.69239,0.71260
2023-11-11 19:37:54.968250,config/mcmc/heart_2cl_gbc.yml,0.71837,0.61311,0.63315
2023-11-11 19:38:00.747417,config/mcmc/heart_2cl_knn.yml,0.47917,0.48732,0.47641
2023-11-11 19:38:06.479761,config/mcmc/heart_2cl_knn.yml,0.47917,0.48732,0.47641
2023-11-11 19:38:12.297188,config/mcmc/heart_2cl_knn.yml,0.47917,0.48732,0.47641
2023-11-11 19:38:18.161139,config/mcmc/heart_2cl_knn.yml,0.47917,0.48732,0.47641
2023-11-11 19:38:23.869813,config/mcmc/heart_2cl_knn.yml,0.47917,0.48732,0.47641
2023-11-11 19:38:29.565792,config/mcmc/heart_2cl_knn.yml,0.47917,0.48732,0.47641
2023-11-11 19:38:35.341825,config/mcmc/heart_2cl_knn.yml,0.47917,0.48732,0.47641
2023-11-11 19:38:41.150137,config/mcmc/heart_2cl_knn.yml,0.47917,0.48732,0.47641
2023-11-11 19:38:46.904879,config/mcmc/heart_2cl_knn.yml,0.47917,0.48732,0.47641
2023-11-11 19:38:52.616147,config/mcmc/heart_2cl_knn.yml,0.47917,0.48732,0.47641
2023-11-11 19:38:58.410586,config/mcmc/heart_2cl_knn.yml,0.47917,0.48732,0.47641
2023-11-11 19:39:04.164052,config/mcmc/heart_2cl_knn.yml,0.47917,0.48732,0.47641
2023-11-11 19:39:09.906011,config/mcmc/heart_2cl_knn.yml,0.47917,0.48732,0.47641
2023-11-11 19:39:15.695167,config/mcmc/heart_2cl_knn.yml,0.47917,0.48732,0.47641
2023-11-11 19:39:21.451119,config/mcmc/heart_2cl_knn.yml,0.47917,0.48732,0.47641
2023-11-11 19:39:27.273190,config/mcmc/heart_2cl_lr.yml,0.85417,0.71564,0.75566
2023-11-11 19:39:33.009506,config/mcmc/heart_2cl_lr.yml,0.82857,0.67019,0.70652
2023-11-11 19:39:38.794843,config/mcmc/heart_2cl_lr.yml,0.89402,0.80655,0.84033
2023-11-11 19:39:44.542860,config/mcmc/heart_2cl_lr.yml,0.87538,0.76110,0.80000
2023-11-11 19:39:50.277111,config/mcmc/heart_2cl_lr.yml,0.89402,0.80655,0.84033
2023-11-11 19:39:56.061201,config/mcmc/heart_2cl_lr.yml,0.87538,0.76110,0.80000
2023-11-11 19:40:01.801449,config/mcmc/heart_2cl_lr.yml,0.82065,0.74947,0.77646
2023-11-11 19:40:07.583381,config/mcmc/heart_2cl_lr.yml,0.84444,0.79493,0.81591
2023-11-11 19:40:13.358137,config/mcmc/heart_2cl_lr.yml,0.84444,0.79493,0.81591
2023-11-11 19:40:19.205813,config/mcmc/heart_2cl_lr.yml,0.89402,0.80655,0.84033
2023-11-11 19:40:25.058682,config/mcmc/heart_2cl_lr.yml,0.77778,0.73784,0.75455
2023-11-11 19:40:30.897674,config/mcmc/heart_2cl_lr.yml,0.79331,0.70402,0.73333
2023-11-11 19:40:36.626471,config/mcmc/heart_2cl_lr.yml,0.80455,0.78330,0.79310
2023-11-11 19:40:42.420796,config/mcmc/heart_2cl_lr.yml,0.77778,0.73784,0.75455
2023-11-11 19:40:48.083430,config/mcmc/heart_2cl_lr.yml,0.67391,0.63531,0.64873
2023-11-11 19:40:53.893776,config/mcmc/heart_2cl_mlp.yml,0.84444,0.79493,0.81591
2023-11-11 19:40:59.719509,config/mcmc/heart_2cl_mlp.yml,0.74728,0.69239,0.71260
2023-11-11 19:41:05.608555,config/mcmc/heart_2cl_mlp.yml,0.71837,0.61311,0.63315
2023-11-11 19:41:11.488348,config/mcmc/heart_2cl_mlp.yml,0.67391,0.63531,0.64873
2023-11-11 19:41:17.465726,config/mcmc/heart_2cl_mlp.yml,0.71125,0.64693,0.66667
2023-11-11 19:41:23.283751,config/mcmc/heart_2cl_mlp.yml,0.71125,0.64693,0.66667
2023-11-11 19:41:29.141652,config/mcmc/heart_2cl_mlp.yml,0.89402,0.80655,0.84033
2023-11-11 19:41:35.002159,config/mcmc/heart_2cl_mlp.yml,0.76042,0.65856,0.68584
2023-11-11 19:41:40.860490,config/mcmc/heart_2cl_mlp.yml,0.82857,0.67019,0.70652
2023-11-11 19:41:46.697831,config/mcmc/heart_2cl_mlp.yml,0.71837,0.61311,0.63315
2023-11-11 19:41:52.506520,config/mcmc/heart_2cl_mlp.yml,0.79500,0.62474,0.65161
2023-11-11 19:41:58.289197,config/mcmc/heart_2cl_mlp.yml,0.62918,0.58985,0.60000
2023-11-11 19:42:04.098175,config/mcmc/heart_2cl_mlp.yml,0.79331,0.70402,0.73333
2023-11-11 19:42:09.945088,config/mcmc/heart_2cl_mlp.yml,0.71111,0.68076,0.69318
2023-11-11 19:42:15.863656,config/mcmc/heart_2cl_mlp.yml,0.80455,0.78330,0.79310
2023-11-11 19:42:21.654061,config/mcmc/heart_2cl_svm.yml,0.39815,0.50000,0.44330
2023-11-11 19:42:27.377893,config/mcmc/heart_2cl_svm.yml,0.39815,0.50000,0.44330
2023-11-11 19:42:33.075687,config/mcmc/heart_2cl_svm.yml,0.39815,0.50000,0.44330
2023-11-11 19:42:38.807053,config/mcmc/heart_2cl_svm.yml,0.39815,0.50000,0.44330
2023-11-11 19:42:44.577767,config/mcmc/heart_2cl_svm.yml,0.39815,0.50000,0.44330
2023-11-11 19:42:50.290240,config/mcmc/heart_2cl_svm.yml,0.39815,0.50000,0.44330
2023-11-11 19:42:55.950970,config/mcmc/heart_2cl_svm.yml,0.39815,0.50000,0.44330
2023-11-11 19:43:01.687833,config/mcmc/heart_2cl_svm.yml,0.39815,0.50000,0.44330
2023-11-11 19:43:07.422502,config/mcmc/heart_2cl_svm.yml,0.90566,0.54545,0.53125
2023-11-11 19:43:13.188612,config/mcmc/heart_2cl_svm.yml,0.39623,0.48837,0.43750
2023-11-11 19:43:19.101292,config/mcmc/heart_2cl_svm.yml,0.39815,0.50000,0.44330
2023-11-11 19:43:24.849355,config/mcmc/heart_2cl_svm.yml,0.39815,0.50000,0.44330
2023-11-11 19:43:30.646854,config/mcmc/heart_2cl_svm.yml,0.90566,0.54545,0.53125
2023-11-11 19:43:36.368851,config/mcmc/heart_2cl_svm.yml,0.39815,0.50000,0.44330
2023-11-11 19:43:42.161296,config/mcmc/heart_2cl_svm.yml,0.39623,0.48837,0.43750
2023-11-11 19:43:46.747787,config/mcmc/ionosphere_catboost.yml,0.96939,0.94000,0.95230
2023-11-11 19:43:51.322474,config/mcmc/ionosphere_catboost.yml,0.92619,0.88913,0.90353
2023-11-11 19:43:55.887274,config/mcmc/ionosphere_catboost.yml,0.96939,0.94000,0.95230
2023-11-11 19:44:00.530084,config/mcmc/ionosphere_catboost.yml,0.94701,0.92913,0.93706
2023-11-11 19:44:05.143084,config/mcmc/ionosphere_catboost.yml,0.93646,0.90913,0.92049
2023-11-11 19:44:09.750094,config/mcmc/ionosphere_catboost.yml,0.93646,0.90913,0.92049
2023-11-11 19:44:14.339183,config/mcmc/ionosphere_catboost.yml,0.96000,0.92000,0.93569
2023-11-11 19:44:18.947184,config/mcmc/ionosphere_catboost.yml,0.96939,0.94000,0.95230
2023-11-11 19:44:23.478349,config/mcmc/ionosphere_catboost.yml,0.93646,0.90913,0.92049
2023-11-11 19:44:28.097465,config/mcmc/ionosphere_catboost.yml,0.96000,0.92000,0.93569
2023-11-11 19:44:32.724884,config/mcmc/ionosphere_catboost.yml,0.96000,0.92000,0.93569
2023-11-11 19:44:37.319691,config/mcmc/ionosphere_catboost.yml,0.93646,0.90913,0.92049
2023-11-11 19:44:41.908747,config/mcmc/ionosphere_catboost.yml,0.96000,0.92000,0.93569
2023-11-11 19:44:46.546433,config/mcmc/ionosphere_catboost.yml,0.94701,0.92913,0.93706
2023-11-11 19:44:51.165888,config/mcmc/ionosphere_catboost.yml,0.96000,0.92000,0.93569
2023-11-11 19:44:54.665451,config/mcmc/ionosphere_decision_tree.yml,0.87652,0.87652,0.87652
2023-11-11 19:44:58.160618,config/mcmc/ionosphere_decision_tree.yml,0.87059,0.84739,0.85689
2023-11-11 19:45:01.676228,config/mcmc/ionosphere_decision_tree.yml,0.85857,0.82739,0.83922
2023-11-11 19:45:05.225158,config/mcmc/ionosphere_decision_tree.yml,0.85940,0.86565,0.86231
2023-11-11 19:45:08.718234,config/mcmc/ionosphere_decision_tree.yml,0.91486,0.89826,0.90559
2023-11-11 19:45:12.221993,config/mcmc/ionosphere_decision_tree.yml,0.86348,0.85652,0.85978
2023-11-11 19:45:15.746035,config/mcmc/ionosphere_decision_tree.yml,0.87652,0.87652,0.87652
2023-11-11 19:45:19.307375,config/mcmc/ionosphere_decision_tree.yml,0.91486,0.89826,0.90559
2023-11-11 19:45:22.827129,config/mcmc/ionosphere_decision_tree.yml,0.83766,0.81652,0.82508
2023-11-11 19:45:26.333149,config/mcmc/ionosphere_decision_tree.yml,0.89495,0.88739,0.89094
2023-11-11 19:45:29.830200,config/mcmc/ionosphere_decision_tree.yml,0.89238,0.85826,0.87138
2023-11-11 19:45:33.348695,config/mcmc/ionosphere_decision_tree.yml,0.88974,0.89652,0.89291
2023-11-11 19:45:36.845924,config/mcmc/ionosphere_decision_tree.yml,0.88270,0.86739,0.87411
2023-11-11 19:45:40.348724,config/mcmc/ionosphere_decision_tree.yml,0.90739,0.90739,0.90739
2023-11-11 19:45:43.849498,config/mcmc/ionosphere_decision_tree.yml,0.85954,0.79826,0.81654
2023-11-11 19:45:47.536793,config/mcmc/ionosphere_gbc.yml,0.96939,0.94000,0.95230
2023-11-11 19:45:51.253434,config/mcmc/ionosphere_gbc.yml,0.92642,0.91826,0.92210
2023-11-11 19:45:54.962223,config/mcmc/ionosphere_gbc.yml,0.96000,0.92000,0.93569
2023-11-11 19:45:58.662596,config/mcmc/ionosphere_gbc.yml,0.94701,0.92913,0.93706
2023-11-11 19:46:02.353701,config/mcmc/ionosphere_gbc.yml,0.96000,0.92000,0.93569
2023-11-11 19:46:06.033846,config/mcmc/ionosphere_gbc.yml,0.97917,0.96000,0.96853
2023-11-11 19:46:09.736154,config/mcmc/ionosphere_gbc.yml,0.95789,0.94913,0.95326
2023-11-11 19:46:13.467248,config/mcmc/ionosphere_gbc.yml,0.94701,0.92913,0.93706
2023-11-11 19:46:17.142906,config/mcmc/ionosphere_gbc.yml,0.96000,0.92000,0.93569
2023-11-11 19:46:20.872504,config/mcmc/ionosphere_gbc.yml,0.94701,0.92913,0.93706
2023-11-11 19:46:24.594650,config/mcmc/ionosphere_gbc.yml,0.96000,0.92000,0.93569
2023-11-11 19:46:28.301003,config/mcmc/ionosphere_gbc.yml,0.94701,0.92913,0.93706
2023-11-11 19:46:32.010306,config/mcmc/ionosphere_gbc.yml,0.97917,0.96000,0.96853
2023-11-11 19:46:35.728960,config/mcmc/ionosphere_gbc.yml,0.96939,0.94000,0.95230
2023-11-11 19:46:39.428586,config/mcmc/ionosphere_gbc.yml,0.96939,0.94000,0.95230
2023-11-11 19:46:42.941601,config/mcmc/ionosphere_knn.yml,0.86845,0.76913,0.79118
2023-11-11 19:46:46.458685,config/mcmc/ionosphere_knn.yml,0.86845,0.76913,0.79118
2023-11-11 19:46:49.992784,config/mcmc/ionosphere_knn.yml,0.86845,0.76913,0.79118
2023-11-11 19:46:53.527920,config/mcmc/ionosphere_knn.yml,0.86845,0.76913,0.79118
2023-11-11 19:46:57.073795,config/mcmc/ionosphere_knn.yml,0.86845,0.76913,0.79118
2023-11-11 19:47:00.596754,config/mcmc/ionosphere_knn.yml,0.86845,0.76913,0.79118
2023-11-11 19:47:04.112612,config/mcmc/ionosphere_knn.yml,0.86845,0.76913,0.79118
2023-11-11 19:47:07.618009,config/mcmc/ionosphere_knn.yml,0.87784,0.78913,0.81140
2023-11-11 19:47:11.169598,config/mcmc/ionosphere_knn.yml,0.86845,0.76913,0.79118
2023-11-11 19:47:14.700524,config/mcmc/ionosphere_knn.yml,0.86845,0.76913,0.79118
2023-11-11 19:47:18.254006,config/mcmc/ionosphere_knn.yml,0.86845,0.76913,0.79118
2023-11-11 19:47:21.841320,config/mcmc/ionosphere_knn.yml,0.88725,0.80913,0.83095
2023-11-11 19:47:25.405953,config/mcmc/ionosphere_knn.yml,0.86845,0.76913,0.79118
2023-11-11 19:47:28.942108,config/mcmc/ionosphere_knn.yml,0.86845,0.76913,0.79118
2023-11-11 19:47:32.479641,config/mcmc/ionosphere_knn.yml,0.86845,0.76913,0.79118
2023-11-11 19:47:36.010045,config/mcmc/ionosphere_lr.yml,0.88725,0.80913,0.83095
2023-11-11 19:47:39.518314,config/mcmc/ionosphere_lr.yml,0.85954,0.79826,0.81654
2023-11-11 19:47:43.026525,config/mcmc/ionosphere_lr.yml,0.88725,0.80913,0.83095
2023-11-11 19:47:46.556512,config/mcmc/ionosphere_lr.yml,0.88725,0.80913,0.83095
2023-11-11 19:47:50.092554,config/mcmc/ionosphere_lr.yml,0.88725,0.80913,0.83095
2023-11-11 19:47:53.641917,config/mcmc/ionosphere_lr.yml,0.87784,0.78913,0.81140
2023-11-11 19:47:57.162184,config/mcmc/ionosphere_lr.yml,0.87784,0.78913,0.81140
2023-11-11 19:48:00.686597,config/mcmc/ionosphere_lr.yml,0.87045,0.81826,0.83534
2023-11-11 19:48:04.197502,config/mcmc/ionosphere_lr.yml,0.88725,0.80913,0.83095
2023-11-11 19:48:07.704515,config/mcmc/ionosphere_lr.yml,0.88725,0.80913,0.83095
2023-11-11 19:48:11.237690,config/mcmc/ionosphere_lr.yml,0.85954,0.79826,0.81654
2023-11-11 19:48:14.771888,config/mcmc/ionosphere_lr.yml,0.90638,0.84913,0.86827
2023-11-11 19:48:18.282969,config/mcmc/ionosphere_lr.yml,0.88725,0.80913,0.83095
2023-11-11 19:48:21.868949,config/mcmc/ionosphere_lr.yml,0.88725,0.80913,0.83095
2023-11-11 19:48:25.404462,config/mcmc/ionosphere_lr.yml,0.87784,0.78913,0.81140
2023-11-11 19:48:29.025691,config/mcmc/ionosphere_mlp.yml,0.95098,0.90000,0.91867
2023-11-11 19:48:32.613841,config/mcmc/ionosphere_mlp.yml,0.89238,0.85826,0.87138
2023-11-11 19:48:36.235689,config/mcmc/ionosphere_mlp.yml,0.91618,0.86913,0.88614
2023-11-11 19:48:39.829178,config/mcmc/ionosphere_mlp.yml,0.94231,0.88000,0.90121
2023-11-11 19:48:43.441419,config/mcmc/ionosphere_mlp.yml,0.90638,0.84913,0.86827
2023-11-11 19:48:47.039656,config/mcmc/ionosphere_mlp.yml,0.91618,0.86913,0.88614
2023-11-11 19:48:50.650293,config/mcmc/ionosphere_mlp.yml,0.91618,0.86913,0.88614
2023-11-11 19:48:54.271684,config/mcmc/ionosphere_mlp.yml,0.91618,0.86913,0.88614
2023-11-11 19:48:57.887406,config/mcmc/ionosphere_mlp.yml,0.91618,0.86913,0.88614
2023-11-11 19:49:01.526754,config/mcmc/ionosphere_mlp.yml,0.90638,0.84913,0.86827
2023-11-11 19:49:05.162342,config/mcmc/ionosphere_mlp.yml,0.91618,0.86913,0.88614
2023-11-11 19:49:08.779233,config/mcmc/ionosphere_mlp.yml,0.90353,0.87826,0.88869
2023-11-11 19:49:12.406582,config/mcmc/ionosphere_mlp.yml,0.89238,0.85826,0.87138
2023-11-11 19:49:16.002477,config/mcmc/ionosphere_mlp.yml,0.89675,0.82913,0.84989
2023-11-11 19:49:19.717177,config/mcmc/ionosphere_mlp.yml,0.91618,0.86913,0.88614
2023-11-11 19:49:23.251618,config/mcmc/ionosphere_svm.yml,0.92619,0.88913,0.90353
2023-11-11 19:49:26.775801,config/mcmc/ionosphere_svm.yml,0.92619,0.88913,0.90353
2023-11-11 19:49:30.281641,config/mcmc/ionosphere_svm.yml,0.92619,0.88913,0.90353
2023-11-11 19:49:33.765914,config/mcmc/ionosphere_svm.yml,0.92619,0.88913,0.90353
2023-11-11 19:49:37.276846,config/mcmc/ionosphere_svm.yml,0.92619,0.88913,0.90353
2023-11-11 19:49:40.810716,config/mcmc/ionosphere_svm.yml,0.92619,0.88913,0.90353
2023-11-11 19:49:44.323414,config/mcmc/ionosphere_svm.yml,0.92619,0.88913,0.90353
2023-11-11 19:49:47.854695,config/mcmc/ionosphere_svm.yml,0.92619,0.88913,0.90353
2023-11-11 19:49:51.377955,config/mcmc/ionosphere_svm.yml,0.92619,0.88913,0.90353
2023-11-11 19:49:54.898088,config/mcmc/ionosphere_svm.yml,0.92619,0.88913,0.90353
2023-11-11 19:49:58.427022,config/mcmc/ionosphere_svm.yml,0.92619,0.88913,0.90353
2023-11-11 19:50:01.929255,config/mcmc/ionosphere_svm.yml,0.92619,0.88913,0.90353
2023-11-11 19:50:05.424310,config/mcmc/ionosphere_svm.yml,0.92619,0.88913,0.90353
2023-11-11 19:50:08.917278,config/mcmc/ionosphere_svm.yml,0.92619,0.88913,0.90353
2023-11-11 19:50:12.456306,config/mcmc/ionosphere_svm.yml,0.92619,0.88913,0.90353
2023-11-11 19:50:16.865386,config/mcmc/parkinsons_catboost.yml,0.91111,0.88276,0.89563
2023-11-11 19:50:21.298677,config/mcmc/parkinsons_catboost.yml,0.93276,0.93276,0.93276
2023-11-11 19:50:25.718443,config/mcmc/parkinsons_catboost.yml,0.86552,0.86552,0.86552
2023-11-11 19:50:30.086037,config/mcmc/parkinsons_catboost.yml,0.86552,0.86552,0.86552
2023-11-11 19:50:34.489430,config/mcmc/parkinsons_catboost.yml,0.86552,0.86552,0.86552
2023-11-11 19:50:38.872259,config/mcmc/parkinsons_catboost.yml,0.88911,0.83276,0.85556
2023-11-11 19:50:43.317103,config/mcmc/parkinsons_catboost.yml,0.89123,0.91552,0.90226
2023-11-11 19:50:47.747502,config/mcmc/parkinsons_catboost.yml,0.88911,0.83276,0.85556
2023-11-11 19:50:52.105928,config/mcmc/parkinsons_catboost.yml,0.86552,0.86552,0.86552
2023-11-11 19:50:56.489205,config/mcmc/parkinsons_catboost.yml,0.98333,0.95000,0.96521
2023-11-11 19:51:00.915842,config/mcmc/parkinsons_catboost.yml,0.93276,0.93276,0.93276
2023-11-11 19:51:05.315123,config/mcmc/parkinsons_catboost.yml,0.91111,0.88276,0.89563
2023-11-11 19:51:09.712477,config/mcmc/parkinsons_catboost.yml,0.91111,0.88276,0.89563
2023-11-11 19:51:14.130344,config/mcmc/parkinsons_catboost.yml,0.91111,0.88276,0.89563
2023-11-11 19:51:18.544485,config/mcmc/parkinsons_catboost.yml,0.86552,0.86552,0.86552
2023-11-11 19:51:22.191971,config/mcmc/parkinsons_decision_tree.yml,0.83889,0.81552,0.82605
2023-11-11 19:51:25.815498,config/mcmc/parkinsons_decision_tree.yml,0.76461,0.78103,0.77193
2023-11-11 19:51:29.457885,config/mcmc/parkinsons_decision_tree.yml,0.83889,0.81552,0.82605
2023-11-11 19:51:33.052419,config/mcmc/parkinsons_decision_tree.yml,0.57460,0.56379,0.56667
2023-11-11 19:51:36.686128,config/mcmc/parkinsons_decision_tree.yml,0.76923,0.81379,0.78419
2023-11-11 19:51:40.306576,config/mcmc/parkinsons_decision_tree.yml,0.67593,0.69655,0.68344
2023-11-11 19:51:43.904433,config/mcmc/parkinsons_decision_tree.yml,0.79828,0.79828,0.79828
2023-11-11 19:51:47.507155,config/mcmc/parkinsons_decision_tree.yml,0.86552,0.86552,0.86552
2023-11-11 19:51:51.136675,config/mcmc/parkinsons_decision_tree.yml,0.96774,0.90000,0.92778
2023-11-11 19:51:54.727909,config/mcmc/parkinsons_decision_tree.yml,0.57460,0.56379,0.56667
2023-11-11 19:51:58.354923,config/mcmc/parkinsons_decision_tree.yml,0.83889,0.81552,0.82605
2023-11-11 19:52:01.954920,config/mcmc/parkinsons_decision_tree.yml,0.86552,0.86552,0.86552
2023-11-11 19:52:05.579753,config/mcmc/parkinsons_decision_tree.yml,0.83889,0.81552,0.82605
2023-11-11 19:52:09.139217,config/mcmc/parkinsons_decision_tree.yml,0.76923,0.81379,0.78419
2023-11-11 19:52:12.766931,config/mcmc/parkinsons_decision_tree.yml,0.83889,0.81552,0.82605
2023-11-11 19:52:16.484928,config/mcmc/parkinsons_gbc.yml,0.98333,0.95000,0.96521
2023-11-11 19:52:20.218512,config/mcmc/parkinsons_gbc.yml,0.88911,0.83276,0.85556
2023-11-11 19:52:23.941461,config/mcmc/parkinsons_gbc.yml,0.86552,0.86552,0.86552
2023-11-11 19:52:27.703656,config/mcmc/parkinsons_gbc.yml,0.79828,0.79828,0.79828
2023-11-11 19:52:31.416345,config/mcmc/parkinsons_gbc.yml,0.86552,0.86552,0.86552
2023-11-11 19:52:35.127259,config/mcmc/parkinsons_gbc.yml,0.88911,0.83276,0.85556
2023-11-11 19:52:38.837141,config/mcmc/parkinsons_gbc.yml,0.93276,0.93276,0.93276
2023-11-11 19:52:42.537220,config/mcmc/parkinsons_gbc.yml,0.93939,0.80000,0.84274
2023-11-11 19:52:46.248361,config/mcmc/parkinsons_gbc.yml,0.91111,0.88276,0.89563
2023-11-11 19:52:49.948721,config/mcmc/parkinsons_gbc.yml,0.88911,0.83276,0.85556
2023-11-11 19:52:53.702916,config/mcmc/parkinsons_gbc.yml,0.85648,0.89828,0.87338
2023-11-11 19:52:57.379288,config/mcmc/parkinsons_gbc.yml,0.98333,0.95000,0.96521
2023-11-11 19:53:01.111053,config/mcmc/parkinsons_gbc.yml,0.86607,0.78276,0.81196
2023-11-11 19:53:04.838010,config/mcmc/parkinsons_gbc.yml,0.91111,0.88276,0.89563
2023-11-11 19:53:08.551519,config/mcmc/parkinsons_gbc.yml,0.96774,0.90000,0.92778
2023-11-11 19:53:12.203005,config/mcmc/parkinsons_knn.yml,0.86607,0.78276,0.81196
2023-11-11 19:53:15.843052,config/mcmc/parkinsons_knn.yml,0.86607,0.78276,0.81196
2023-11-11 19:53:19.475437,config/mcmc/parkinsons_knn.yml,0.86607,0.78276,0.81196
2023-11-11 19:53:23.191866,config/mcmc/parkinsons_knn.yml,0.86607,0.78276,0.81196
2023-11-11 19:53:26.832848,config/mcmc/parkinsons_knn.yml,0.86607,0.78276,0.81196
2023-11-11 19:53:30.489669,config/mcmc/parkinsons_knn.yml,0.86607,0.78276,0.81196
2023-11-11 19:53:34.110886,config/mcmc/parkinsons_knn.yml,0.86607,0.78276,0.81196
2023-11-11 19:53:37.797600,config/mcmc/parkinsons_knn.yml,0.86607,0.78276,0.81196
2023-11-11 19:53:41.409094,config/mcmc/parkinsons_knn.yml,0.86607,0.78276,0.81196
2023-11-11 19:53:45.035148,config/mcmc/parkinsons_knn.yml,0.86607,0.78276,0.81196
2023-11-11 19:53:48.653014,config/mcmc/parkinsons_knn.yml,0.86607,0.78276,0.81196
2023-11-11 19:53:52.248874,config/mcmc/parkinsons_knn.yml,0.86607,0.78276,0.81196
2023-11-11 19:53:55.849584,config/mcmc/parkinsons_knn.yml,0.86607,0.78276,0.81196
2023-11-11 19:53:59.478054,config/mcmc/parkinsons_knn.yml,0.81048,0.76552,0.78333
2023-11-11 19:54:03.106214,config/mcmc/parkinsons_knn.yml,0.86607,0.78276,0.81196
2023-11-11 19:54:06.727507,config/mcmc/parkinsons_lr.yml,0.73103,0.73103,0.73103
2023-11-11 19:54:10.316773,config/mcmc/parkinsons_lr.yml,0.69444,0.68103,0.68689
2023-11-11 19:54:13.893054,config/mcmc/parkinsons_lr.yml,0.69444,0.68103,0.68689
2023-11-11 19:54:17.474487,config/mcmc/parkinsons_lr.yml,0.69444,0.68103,0.68689
2023-11-11 19:54:21.081532,config/mcmc/parkinsons_lr.yml,0.73185,0.69828,0.71111
2023-11-11 19:54:24.724366,config/mcmc/parkinsons_lr.yml,0.73103,0.73103,0.73103
2023-11-11 19:54:28.356872,config/mcmc/parkinsons_lr.yml,0.66379,0.66379,0.66379
2023-11-11 19:54:32.014527,config/mcmc/parkinsons_lr.yml,0.73611,0.76379,0.74675
2023-11-11 19:54:35.603521,config/mcmc/parkinsons_lr.yml,0.73185,0.69828,0.71111
2023-11-11 19:54:39.236257,config/mcmc/parkinsons_lr.yml,0.73185,0.69828,0.71111
2023-11-11 19:54:42.832080,config/mcmc/parkinsons_lr.yml,0.73103,0.73103,0.73103
2023-11-11 19:54:46.454373,config/mcmc/parkinsons_lr.yml,0.76461,0.78103,0.77193
2023-11-11 19:54:50.061880,config/mcmc/parkinsons_lr.yml,0.69444,0.68103,0.68689
2023-11-11 19:54:53.659247,config/mcmc/parkinsons_lr.yml,0.76667,0.74828,0.75647
2023-11-11 19:54:57.264153,config/mcmc/parkinsons_lr.yml,0.73103,0.73103,0.73103
2023-11-11 19:55:00.923759,config/mcmc/parkinsons_mlp.yml,0.86607,0.78276,0.81196
2023-11-11 19:55:04.587742,config/mcmc/parkinsons_mlp.yml,0.95312,0.85000,0.88717
2023-11-11 19:55:08.320464,config/mcmc/parkinsons_mlp.yml,0.86607,0.78276,0.81196
2023-11-11 19:55:12.032697,config/mcmc/parkinsons_mlp.yml,0.81048,0.76552,0.78333
2023-11-11 19:55:15.730614,config/mcmc/parkinsons_mlp.yml,0.81048,0.76552,0.78333
2023-11-11 19:55:19.420505,config/mcmc/parkinsons_mlp.yml,0.93939,0.80000,0.84274
2023-11-11 19:55:23.173310,config/mcmc/parkinsons_mlp.yml,0.93939,0.80000,0.84274
2023-11-11 19:55:26.876502,config/mcmc/parkinsons_mlp.yml,0.81048,0.76552,0.78333
2023-11-11 19:55:30.573928,config/mcmc/parkinsons_mlp.yml,0.84091,0.73276,0.76411
2023-11-11 19:55:34.240130,config/mcmc/parkinsons_mlp.yml,0.84091,0.73276,0.76411
2023-11-11 19:55:37.972103,config/mcmc/parkinsons_mlp.yml,0.86607,0.78276,0.81196
2023-11-11 19:55:41.671780,config/mcmc/parkinsons_mlp.yml,0.88911,0.83276,0.85556
2023-11-11 19:55:45.342594,config/mcmc/parkinsons_mlp.yml,0.81048,0.76552,0.78333
2023-11-11 19:55:49.044192,config/mcmc/parkinsons_mlp.yml,0.84091,0.73276,0.76411
2023-11-11 19:55:52.736792,config/mcmc/parkinsons_mlp.yml,0.88911,0.83276,0.85556
2023-11-11 19:55:56.326684,config/mcmc/parkinsons_svm.yml,0.92647,0.75000,0.79365
2023-11-11 19:55:59.935930,config/mcmc/parkinsons_svm.yml,0.92647,0.75000,0.79365
2023-11-11 19:56:03.550776,config/mcmc/parkinsons_svm.yml,0.92647,0.75000,0.79365
2023-11-11 19:56:07.195220,config/mcmc/parkinsons_svm.yml,0.92647,0.75000,0.79365
2023-11-11 19:56:10.788352,config/mcmc/parkinsons_svm.yml,0.92647,0.75000,0.79365
2023-11-11 19:56:14.377118,config/mcmc/parkinsons_svm.yml,0.92647,0.75000,0.79365
2023-11-11 19:56:17.953854,config/mcmc/parkinsons_svm.yml,0.92647,0.75000,0.79365
2023-11-11 19:56:21.574845,config/mcmc/parkinsons_svm.yml,0.92647,0.75000,0.79365
2023-11-11 19:56:25.201603,config/mcmc/parkinsons_svm.yml,0.92647,0.75000,0.79365
2023-11-11 19:56:28.802839,config/mcmc/parkinsons_svm.yml,0.92647,0.75000,0.79365
2023-11-11 19:56:32.395298,config/mcmc/parkinsons_svm.yml,0.92647,0.75000,0.79365
2023-11-11 19:56:35.979092,config/mcmc/parkinsons_svm.yml,0.92647,0.75000,0.79365
2023-11-11 19:56:39.592816,config/mcmc/parkinsons_svm.yml,0.92647,0.75000,0.79365
2023-11-11 19:56:43.211521,config/mcmc/parkinsons_svm.yml,0.84091,0.73276,0.76411
2023-11-11 19:56:46.825965,config/mcmc/parkinsons_svm.yml,0.92647,0.75000,0.79365
2023-11-14 11:38:10.688968,config/_dev_mcmc.yml,0.98115,0.98115,0.98115
2023-11-14 11:38:30.003727,config/_dev_mcmc.yml,0.98115,0.98115,0.98115
2023-11-14 11:43:16.290096,config/_dev_mcmc.yml,0.65000,0.69444,0.66667
2023-11-14 11:44:51.074208,config/_dev_mcmc.yml,0.58056,0.61944,0.58862
2023-11-14 11:45:02.817460,config/_dev_mcmc.yml,0.70556,0.70833,0.69444
2023-11-14 11:47:45.396668,config/_dev_mcmc.yml,0.66667,0.67500,0.65608
